_id,institution,campus,quarter,departmentId,departmentName,courseId,courseName,sectionsCount
26AQ9t55AKvT7KRcn,uw.edu,seattle,AUTUMN,LAWA,LAWA,LAWA579,LAWA579,3
29bXEGJN9eQ9gBtPN,uw.edu,seattle,AUTUMN,LING,LING,LING269,LING269,1
2EskeQjLNvatkn7uN,uw.edu,seattle,SUMMER,MATH,MATH,MATH394,MATH394,3
2GAwKhLPszuXjiH6b,uw.edu,seattle,SUMMER,ACCTG,ACCTG,ACCTG505,ACCTG505,1
2GeBmcJhosiSu8zeG,uw.edu,seattle,SUMMER,ECON,ECON,ECON301,ECON301,1
2P2hiBcto8aLjGwgB,uw.edu,seattle,AUTUMN,FRENCH,FRENCH,FRENCH590,FRENCH590,2
2QSQmxFzDi8rvywNE,uw.edu,seattle,AUTUMN,AMATH,AMATH,AMATH522,AMATH522,1
2QpXT2EmmHHR5jGFa,uw.edu,seattle,SUMMER,EDC&I,EDC&I,EDC&I525,EDC&I525,1
2RuvEhYAhgPxEXZYo,uw.edu,seattle,SUMMER,COM,COM,COM304,COM304,1
2S9rCgeHotJJv66ZM,uw.edu,seattle,AUTUMN,SCAND,SCAND,SCAND200,SCAND200,2
2byMsNeQwjR3Toyka,uw.edu,seattle,AUTUMN,ANTH,ANTH,ANTH549,ANTH549,1
2etJidSccxxhuM9fj,uw.edu,seattle,AUTUMN,CLAS,CLAS,CLAS314,CLAS314,1
2gpm6BDGGffSyFBt9,uw.edu,seattle,AUTUMN,OCEAN,OCEAN,OCEAN520,OCEAN520,1
2pyaDPNuZtPAYnfx4,uw.edu,seattle,AUTUMN,MATH,MATH,MATH574,MATH574,2
2r27npsKP8t8Lkbwx,uw.edu,seattle,AUTUMN,BIOL,BIOL,BIOL423,BIOL423,1
2rYPeJmENjMzin2Zc,uw.edu,seattle,SUMMER,COM,COM,COM201,COM201,2
2xtAti7k39bwf7wE9,uw.edu,seattle,AUTUMN,PUBPOL,PUBPOL,PUBPOL519,PUBPOL519,2
2y5eFadBAE7ugEE8L,uw.edu,seattle,AUTUMN,ANTH,ANTH,ANTH345,ANTH345,1
32iobgoWydN85vf7i,uw.edu,seattle,AUTUMN,NURS,NURS,NURS514,NURS514,2
33oNEfLcFsEmCvPvH,uw.edu,seattle,AUTUMN,EARLY,EARLY,EARLYSTAT100,EARLYSTAT100,1
36ucmeqbXKKhcxP77,uw.edu,seattle,SUMMER,QSCI,QSCI,QSCI291,QSCI291,1
38iX4PXkqyq9b8wMH,uw.edu,seattle,AUTUMN,AMATH,AMATH,AMATH422,AMATH422,1
3A6kzd3LxbbFMbKsk,uw.edu,seattle,SUMMER,MATH,MATH,MATH126,MATH126,6
3BfBr8QycDEcTwhX7,uw.edu,seattle,AUTUMN,CHEM,CHEM,CHEM152,CHEM152,1
3DNPq76eTzC9K86T6,uw.edu,seattle,AUTUMN,REHAB,REHAB,REHAB564,REHAB564,1
3E2FkBf2Z5FdEffWr,uw.edu,seattle,AUTUMN,SCAND,SCAND,SCAND155,SCAND155,1
3E6BkutQqrqmhLnNa,uw.edu,seattle,SUMMER,JSIS,JSIS,JSIS486,JSIS486,1
3Kahzzt3rzYZ732du,uw.edu,seattle,AUTUMN,ME,ME,ME473,ME473,1
3TTRs9GKaGi2prtJc,uw.edu,seattle,SUMMER,CHEM,CHEM,CHEM239,CHEM239,1
3eZAFbmkFdZuJgZwc,uw.edu,seattle,AUTUMN,RUSS,RUSS,RUSS110,RUSS110,1
3fkzgZfSpPjfBgMsA,uw.edu,seattle,SUMMER,MUSIC,MUSIC,MUSIC162,MUSIC162,1
3frs8xzxB5Qh5iZyd,uw.edu,seattle,SUMMER,JSIS,JSIS,JSIS202,JSIS202,1
3g8augcDiXMa5EM28,uw.edu,seattle,AUTUMN,MATH,MATH,MATH328,MATH328,1
3gaDDoXtaY8AbEChs,uw.edu,seattle,SUMMER,SOCW,SOCW,SOCW598,SOCW598,1
3kcGihspnQKMbCAFx,uw.edu,seattle,AUTUMN,AFRAM,AFRAM,AFRAM101,AFRAM101,2
3njX83N8F2cs2kxx9,uw.edu,seattle,AUTUMN,PHYS,PHYS,PHYS422,PHYS422,1
3y4N5fYiySms7DMPo,uw.edu,seattle,AUTUMN,MSE,MSE,MSE311,MSE311,2
3ywMnxEcXrrncM3GG,uw.edu,seattle,AUTUMN,ASTR,ASTR,ASTR101,ASTR101,1
43uS7EP9r7F6md2sn,uw.edu,seattle,SUMMER,ACCTG,ACCTG,ACCTG225,ACCTG225,1
442yASzwZogMyG8kw,uw.edu,seattle,AUTUMN,IS,IS,IS451,IS451,2
4EkTg7qtC4rtxg2h4,uw.edu,seattle,AUTUMN,CHEM,CHEM,CHEM238,CHEM238,1
4F4rw5eMTDJt3xxeR,uw.edu,seattle,SUMMER,ANTH,ANTH,ANTH305,ANTH305,1
4FEuGSfG8r25dJo5E,uw.edu,seattle,AUTUMN,ANTH,ANTH,ANTH490,ANTH490,1
4G8c3B7n8uJqq9Zrv,uw.edu,seattle,SUMMER,MODHEB,MODHEB,MODHEB105,MODHEB105,1
4M4FaZXXWnSHGYHS9,uw.edu,seattle,SUMMER,LATIN,LATIN,LATIN304,LATIN304,1
4RsR7HLbCpwJb9asW,uw.edu,seattle,AUTUMN,HONORS,HONORS,HONORS210,HONORS210,1
4Sppfbe8nsSMgGxyy,uw.edu,seattle,SUMMER,CHEM,CHEM,CHEM120,CHEM120,1
4YnoakWGAXdy7pn6q,uw.edu,seattle,AUTUMN,NUTR,NUTR,NUTR511,NUTR511,1
4apCTAF8ZurXP5Q6y,uw.edu,seattle,AUTUMN,EDPSY,EDPSY,EDPSY404,EDPSY404,2
4bkhXR2LhXY2xhv7c,uw.edu,seattle,AUTUMN,ACCTG,ACCTG,ACCTG539,ACCTG539,1
4cyNtSFWJ9CjMd233,uw.edu,seattle,AUTUMN,EPI,EPI,EPI511,EPI511,1
4dBawxuEtf2yXiqyE,uw.edu,seattle,AUTUMN,CHEME,CHEME,CHEME481,CHEME481,1
4f8XYHzMtJ7mbeWH8,uw.edu,seattle,AUTUMN,LAWA,LAWA,LAWA597,LAWA597,1
4gcB3ZjPLcdfopf9B,uw.edu,seattle,SUMMER,LING,LING,LING432,LING432,1
4o7gFv8c2ZDpEw3rq,uw.edu,seattle,AUTUMN,RUSS,RUSS,RUSS101,RUSS101,3
4qf2d3Q66DqwHHvch,uw.edu,seattle,AUTUMN,SOCWL,SOCWL,SOCWL598,SOCWL598,1
4rrPHin5bNCg4H2An,uw.edu,seattle,AUTUMN,ITAL,ITAL,ITAL201,ITAL201,1
57iS4s3xvyba3W6Ko,uw.edu,seattle,SUMMER,MATH,MATH,MATH120,MATH120,1
5CQEQSWCBafa4sShc,uw.edu,seattle,SUMMER,SOC,SOC,SOC352,SOC352,1
5Ec5iSzJ4fh3DbpCE,uw.edu,seattle,AUTUMN,LAWB,LAWB,LAWB599,LAWB599,2
5G2Gk7BhE97zh8yqZ,uw.edu,seattle,SUMMER,ATMS,ATMS,ATMS220,ATMS220,1
5MiyDb9R7qYJCf8aA,uw.edu,seattle,SUMMER,JAPAN,JAPAN,JAPAN234,JAPAN234,1
5QaSz6cb8ChGHsv56,uw.edu,seattle,SUMMER,GWSS,GWSS,GWSS464,GWSS464,1
5TLfH9yjoiyCz6MAF,uw.edu,seattle,SUMMER,CHEM,CHEM,CHEM453,CHEM453,1
5aF7XuRdCNxLjAuJP,uw.edu,seattle,SUMMER,SPAN,SPAN,SPAN593,SPAN593,1
5bbmQi6tnKGGYPFpW,uw.edu,seattle,SUMMER,MATH,MATH,MATH427,MATH427,1
5cQWCAbtb7XseguQi,uw.edu,seattle,SUMMER,SOC,SOC,SOC300,SOC300,1
5dc4wKMkvKqc27DKT,uw.edu,seattle,AUTUMN,PHYS,PHYS,PHYS328,PHYS328,1
5dvykMP99sZqQhwNc,uw.edu,seattle,AUTUMN,ESS,ESS,ESS101,ESS101,1
5eSwtELMQiMjsHLp5,uw.edu,seattle,AUTUMN,MEDSCI,MEDSCI,MEDSCI560,MEDSCI560,1
5fTxidCNhG9LyCWX9,uw.edu,seattle,SUMMER,POLS,POLS,POLS212,POLS212,1
5iFJknfWk5pXeY62B,uw.edu,seattle,SUMMER,POLS,POLS,POLS437,POLS437,1
5sEMDE4hYnHfxmFuy,uw.edu,seattle,AUTUMN,HCDE,HCDE,HCDE318,HCDE318,1
5suF6PymkQoAYYkg2,uw.edu,seattle,SUMMER,SOC,SOC,SOC316,SOC316,2
5yvzPcvGqWQ8PE6TB,uw.edu,seattle,AUTUMN,ENGL,ENGL,ENGL498,ENGL498,1
62LWA2ckMeSYRGYhu,uw.edu,seattle,AUTUMN,MATH,MATH,MATH111,MATH111,3
687zFywrMmE9CLnAK,uw.edu,seattle,AUTUMN,SOC,SOC,SOC316,SOC316,1
68vDtjrzXdA2948xn,uw.edu,seattle,AUTUMN,CSE,CSE,CSE142,CSE142,2
69wqWXpDBPsebYzMH,uw.edu,seattle,AUTUMN,OCEAN,OCEAN,OCEAN101,OCEAN101,1
6Dj8rCKkHa4XLDL4R,uw.edu,seattle,SUMMER,ESRM,ESRM,ESRM491,ESRM491,2
6LZwL4Lu7XXtNpfj9,uw.edu,seattle,SUMMER,POLS,POLS,POLS409,POLS409,1
6TrXDWdupbm2TRkA5,uw.edu,seattle,SUMMER,HSTEU,HSTEU,HSTEU290,HSTEU290,1
6YthbbdFDkBaxfkWs,uw.edu,seattle,AUTUMN,BIOA,BIOA,BIOA413,BIOA413,1
6Zsh2s5WDcy7Ha9fs,uw.edu,seattle,AUTUMN,LING,LING,LING535,LING535,1
6asedtEm7PLYZbbuF,uw.edu,seattle,SUMMER,CHID,CHID,CHID250,CHID250,4
6cW55wNLZogZMkG8P,uw.edu,seattle,SUMMER,ATMS,ATMS,ATMS211,ATMS211,1
6ccTBZ4DMAN9uWB88,uw.edu,seattle,AUTUMN,TAGLG,TAGLG,TAGLG201,TAGLG201,1
6kCxLpCWACnDaXdzG,uw.edu,seattle,AUTUMN,EDSPE,EDSPE,EDSPE510,EDSPE510,1
6paBfk5bnu5TLZYT7,uw.edu,seattle,AUTUMN,ESS,ESS,ESS575,ESS575,1
6ruiwYdCt3BXjsaKx,uw.edu,seattle,AUTUMN,REHAB,REHAB,REHAB517,REHAB517,1
6sDBwBuFHdfGnEdqu,uw.edu,seattle,SUMMER,PSYCH,PSYCH,PSYCH333,PSYCH333,1
6txEFCAMvfrWDdvPD,uw.edu,seattle,SUMMER,SPHSC,SPHSC,SPHSC449,SPHSC449,1
6utKGT4hzr5LAZJN6,uw.edu,seattle,SUMMER,AMATH,AMATH,AMATH301,AMATH301,2
735HmQ7uCHaJYj5P9,uw.edu,seattle,AUTUMN,CHEM,CHEM,CHEM241,CHEM241,1
79JKgiRJb4ZatdzNs,uw.edu,seattle,AUTUMN,PHIL,PHIL,PHIL160,PHIL160,1
7AijyqSwRgeFeEYqT,uw.edu,seattle,AUTUMN,ME,ME,ME331,ME331,1
7FmZMLmiHRddsMtRs,uw.edu,seattle,AUTUMN,CSE,CSE,CSE331,CSE331,1
7JfAxrwaZF6pSBQqd,uw.edu,seattle,AUTUMN,EDPSY,EDPSY,EDPSY586,EDPSY586,1
7TJRpbKXkzQshe7KZ,uw.edu,seattle,AUTUMN,JAPAN,JAPAN,JAPAN317,JAPAN317,1
7Yy2p4v6cozKJNzx5,uw.edu,seattle,AUTUMN,ANTH,ANTH,ANTH432,ANTH432,1
7bHhKBS2hoKh5B99m,uw.edu,seattle,SUMMER,ENGL,ENGL,ENGL131,ENGL131,5
7bM8etnCooKX5FXXK,uw.edu,seattle,SUMMER,MATH,MATH,MATH327,MATH327,2
7c6Gzc6xpWszZMCJc,uw.edu,seattle,AUTUMN,INDE,INDE,INDE585,INDE585,1
7e2AkaRpKNQ3wDpJr,uw.edu,seattle,AUTUMN,MATH,MATH,MATH308,MATH308,13
7gKtfhDTrseZw4KTp,uw.edu,seattle,AUTUMN,ME,ME,ME323,ME323,1
7hjFfMiLZpK8jApag,uw.edu,seattle,AUTUMN,PHIL,PHIL,PHIL100,PHIL100,1
7pqbc7ZAg6YxqKXu9,uw.edu,seattle,AUTUMN,ASL,ASL,ASL301,ASL301,1
7qr9J8MGe7BSuJm7i,uw.edu,seattle,AUTUMN,CSE,CSE,CSE341,CSE341,1
7rHfNzrRazfyvdLiB,uw.edu,seattle,AUTUMN,OPMGT,OPMGT,OPMGT587,OPMGT587,1
7snJNPDpjkfYth9ju,uw.edu,seattle,SUMMER,CSE,CSE,CSE331,CSE331,1
7vr6GGa6xmG97HH54,uw.edu,seattle,AUTUMN,AES,AES,AES498,AES498,1
7yMv5u2cms89DQvy3,uw.edu,seattle,SUMMER,HSTRY,HSTRY,HSTRY494,HSTRY494,1
7yefHfPBQtpP8wZTc,uw.edu,seattle,AUTUMN,PUBPOL,PUBPOL,PUBPOL550,PUBPOL550,1
7zD2RuroqmJ3yHAxh,uw.edu,seattle,SUMMER,ACCTG,ACCTG,ACCTG320,ACCTG320,1
86m5i4fXqeKj5yFNy,uw.edu,seattle,AUTUMN,REHAB,REHAB,REHAB504,REHAB504,2
874XjQtAh7Eygi2Qk,uw.edu,seattle,SUMMER,ECON,ECON,ECON200,ECON200,3
87CbY2CiMbfXf6i5H,uw.edu,seattle,SUMMER,HSTAS,HSTAS,HSTAS354,HSTAS354,1
88SHWXXkgjHMauWg5,uw.edu,seattle,AUTUMN,MGMT,MGMT,MGMT200,MGMT200,3
8BH37pfEoNroPkT9P,uw.edu,seattle,AUTUMN,SPAN,SPAN,SPAN103,SPAN103,4
8BtNTRCWEPHwx97h6,uw.edu,seattle,AUTUMN,JAPAN,JAPAN,JAPAN311,JAPAN311,3
8DoXouWgeWLJDLEgb,uw.edu,seattle,SUMMER,ANTH,ANTH,ANTH374,ANTH374,1
8EaxMWFHJKoE2sSsh,uw.edu,seattle,AUTUMN,NUTR,NUTR,NUTR420,NUTR420,1
8GcbAQgKmnuDKNNvP,uw.edu,seattle,SUMMER,POLS,POLS,POLS432,POLS432,1
8LAzReqWnRAw4x8Py,uw.edu,seattle,SUMMER,FIN,FIN,FIN453,FIN453,1
8RcmL34DNFBqJWBao,uw.edu,seattle,SUMMER,MUSIC,MUSIC,MUSIC117,MUSIC117,1
8SSFR3F5gYLJQjQhh,uw.edu,seattle,SUMMER,POLS,POLS,POLS321,POLS321,1
8T9mpqp53uQoH9Ev2,uw.edu,seattle,SUMMER,LING,LING,LING478,LING478,1
8TgJ83KaaZ9oEMzdP,uw.edu,seattle,AUTUMN,ENGL,ENGL,ENGL323,ENGL323,1
8WYyhEB4GHTqeYtob,uw.edu,seattle,AUTUMN,PHYS,PHYS,PHYS321,PHYS321,1
8ehdLwWkLATEqYfwp,uw.edu,seattle,SUMMER,CLAS,CLAS,CLAS520,CLAS520,1
8fPNKB7dPoGxGveou,uw.edu,seattle,AUTUMN,GWSS,GWSS,GWSS501,GWSS501,1
8g3YLRDbqR5SQnJQY,uw.edu,seattle,AUTUMN,RUSS,RUSS,RUSS543,RUSS543,1
8gWp4AjoKrPxyRMBu,uw.edu,seattle,AUTUMN,CHEME,CHEME,CHEME436,CHEME436,1
8manafTmjZpQEamCi,uw.edu,seattle,AUTUMN,FISH,FISH,FISH250,FISH250,2
8p32bJyvzby5XjdpK,uw.edu,seattle,AUTUMN,SNKRT,SNKRT,SNKRT101,SNKRT101,1
8wMKcqZsd7grqcWFm,uw.edu,seattle,AUTUMN,MATH,MATH,MATH309,MATH309,7
8xMbcJ695B3QnYfSb,uw.edu,seattle,SUMMER,ME,ME,ME395,ME395,1
8yLDpdHNMuxS4PCyQ,uw.edu,seattle,SUMMER,FRENCH,FRENCH,FRENCH134,FRENCH134,3
8z3Rox94oAvdxPF4A,uw.edu,seattle,SUMMER,CHEM,CHEM,CHEM238,CHEM238,1
94PWn6sK6vNwWZaJs,uw.edu,seattle,AUTUMN,MUSIC,MUSIC,MUSIC113,MUSIC113,6
965KPr4PAPjFCCg6F,uw.edu,seattle,AUTUMN,HONORS,HONORS,HONORS394,HONORS394,1
986TDvfwPXPAevRyu,uw.edu,seattle,SUMMER,LING,LING,LING400,LING400,1
98omgNM2JgtWdfjFt,uw.edu,seattle,SUMMER,STAT,STAT,STAT220,STAT220,1
9BixSW5KQcooMwgcY,uw.edu,seattle,AUTUMN,BIOL,BIOL,BIOL447,BIOL447,1
9D6vwMhwkNFhHESP4,uw.edu,seattle,AUTUMN,BIOL,BIOL,BIOL411,BIOL411,1
9Gz3QDzXTAJZQGHf8,uw.edu,seattle,SUMMER,FRENCH,FRENCH,FRENCH101,FRENCH101,2
9HHAAxyz9NvnYN7po,uw.edu,seattle,SUMMER,AAS,AAS,AAS101,AAS101,2
9Hn8Fb2rHhJTHrcFu,uw.edu,seattle,AUTUMN,CHEM,CHEM,CHEM239,CHEM239,1
9KAjyYixevwaCSgBC,uw.edu,seattle,AUTUMN,EARLY,EARLY,EARLYCMS274,EARLYCMS274,1
9RuSqgujR8FyS98fY,uw.edu,seattle,AUTUMN,EARLY,EARLY,EARLYGENST160,EARLYGENST160,1
9a8SgAjxNXo3g2kbQ,uw.edu,seattle,AUTUMN,HSERV,HSERV,HSERV552,HSERV552,2
9fXFwobkC2ejQRi8H,uw.edu,seattle,SUMMER,LATIN,LATIN,LATIN404,LATIN404,1
9gBbwpW82m5WftExH,uw.edu,seattle,AUTUMN,DRAMA,DRAMA,DRAMA303,DRAMA303,1
9iiqb46JSd2jrhZAs,uw.edu,seattle,AUTUMN,JSISA,JSISA,JSISA402,JSISA402,1
9mL6vAdZCpvHXDy4Q,uw.edu,seattle,AUTUMN,ATMS,ATMS,ATMS441,ATMS441,1
9q4s8v5npocvTL9Td,uw.edu,seattle,AUTUMN,ATMS,ATMS,ATMS431,ATMS431,1
9qgfXDqZtEC37fWrX,uw.edu,seattle,AUTUMN,CEE,CEE,CEE451,CEE451,1
9vEKdAZ7NbdRZye8E,uw.edu,seattle,AUTUMN,LIS,LIS,LIS526,LIS526,1
9xPsM287sk2WeF5Kt,uw.edu,seattle,AUTUMN,POLS,POLS,POLS461,POLS461,1
A4rph4LmRb5gmbpZt,uw.edu,seattle,AUTUMN,ACCTG,ACCTG,ACCTG311,ACCTG311,1
A7Maa7pxuEx9zbNzF,uw.edu,seattle,SUMMER,ENTRE,ENTRE,ENTRE370,ENTRE370,1
A83zEbySCyXXicNQ2,uw.edu,seattle,SUMMER,PHIL,PHIL,PHIL102,PHIL102,1
A8XYhhg4CBudKwecD,uw.edu,seattle,AUTUMN,CHEM,CHEM,CHEM237,CHEM237,3
A9a96HXkgAr57JfQW,uw.edu,seattle,AUTUMN,LAWA,LAWA,LAWA575,LAWA575,2
AE7qvicRgzo466FHM,uw.edu,seattle,AUTUMN,LAWB,LAWB,LAWB510,LAWB510,3
AKYmYHQkZ4wNt6Wfu,uw.edu,seattle,AUTUMN,PHIL,PHIL,PHIL322,PHIL322,1
ALin4K3tBa5m2yX4N,uw.edu,seattle,AUTUMN,CSE,CSE,CSE143,CSE143,1
AQh7Cs7ikNQ5ejD2r,uw.edu,seattle,AUTUMN,SCAND,SCAND,SCAND345,SCAND345,1
AYvoSFsWGvEvTrg9S,uw.edu,seattle,AUTUMN,ARCH,ARCH,ARCHPRE,ARCHPRE,1
AcRcB6r7qNoEmTepG,uw.edu,seattle,AUTUMN,OCEAN,OCEAN,OCEAN250,OCEAN250,2
AgKxQb5PxmRC3dbkW,uw.edu,seattle,AUTUMN,PORT,PORT,PORT110,PORT110,2
AjHPS7heKXNLw8JFa,uw.edu,seattle,AUTUMN,NUTR,NUTR,NUTR520,NUTR520,1
ArgiNdP8RzxF3DuXx,uw.edu,seattle,AUTUMN,HSTAM,HSTAM,HSTAM235,HSTAM235,1
AxeKAxSQRKo4sHTkh,uw.edu,seattle,AUTUMN,RUSS,RUSS,RUSS220,RUSS220,1
AyRYkTusKXBkHpPkp,uw.edu,seattle,SUMMER,CLAS,CLAS,CLAS101,CLAS101,10
AzFpQY5ZFcbLWdfLH,uw.edu,seattle,AUTUMN,BIOL,BIOL,BIOL453,BIOL453,1
BL9C7tMjNstQ4hq7E,uw.edu,seattle,AUTUMN,CHEM,CHEM,CHEM452,CHEM452,2
BNewrmqG5XKzGsBYn,uw.edu,seattle,SUMMER,SOC,SOC,SOC266,SOC266,1
BWamc59YhQxbHZZnC,uw.edu,seattle,SUMMER,ESRM,ESRM,ESRM321,ESRM321,1
BXMWmLgXXBXHNrQhr,uw.edu,seattle,AUTUMN,LIS,LIS,LIS592,LIS592,1
BYYwySrZSWM2daMgE,uw.edu,seattle,AUTUMN,FINN,FINN,FINN201,FINN201,1
BZMF2khX3r6TKXLHC,uw.edu,seattle,SUMMER,SPAN,SPAN,SPAN203,SPAN203,1
BbgCgkJo4BYueCQMd,uw.edu,seattle,AUTUMN,SPAN,SPAN,SPAN102,SPAN102,3
BcCMTC59Jk9HZFrtp,uw.edu,seattle,SUMMER,ESRM,ESRM,ESRM235,ESRM235,1
BhKJqk2sJ6RAKuPoM,uw.edu,seattle,AUTUMN,CHEM,CHEM,CHEM460,CHEM460,1
BhLb8rxG5k6NntTGz,uw.edu,seattle,SUMMER,SPAN,SPAN,SPAN134,SPAN134,3
BsFkkgyysRn2ASmbj,uw.edu,seattle,AUTUMN,PHIL,PHIL,PHIL449,PHIL449,1
BtJXNbyf5D3uWs7gJ,uw.edu,seattle,AUTUMN,HSMGMT,HSMGMT,HSMGMT576,HSMGMT576,1
BttpButBdtdmMbPxM,uw.edu,seattle,SUMMER,FRENCH,FRENCH,FRENCH302,FRENCH302,1
Bun6GS68ssjMKw6R9,uw.edu,seattle,AUTUMN,SPAN,SPAN,SPAN301,SPAN301,3
BvkTB2rGHWzCkQRhb,uw.edu,seattle,AUTUMN,HSTCMP,HSTCMP,HSTCMP212,HSTCMP212,1
Bw6EKPw2BhyRHnbos,uw.edu,seattle,AUTUMN,LATIN,LATIN,LATIN405,LATIN405,1
C4FYZimZoJ2YP3L4j,uw.edu,seattle,SUMMER,MGMT,MGMT,MGMT430,MGMT430,1
C4WrrJNmMTPGB49Pc,uw.edu,seattle,AUTUMN,PHYS,PHYS,PHYS324,PHYS324,1
C6sWLbhBsZJSjcBRb,uw.edu,seattle,AUTUMN,SPAN,SPAN,SPAN316,SPAN316,1
CAGcTjL3xEkoPGNxM,uw.edu,seattle,AUTUMN,MATH,MATH,MATH581,MATH581,4
CGRJn9haSZYPhWzHo,uw.edu,seattle,AUTUMN,CSE,CSE,CSE414,CSE414,1
CHvHBhLHbGgnECjDN,uw.edu,seattle,AUTUMN,ENVIR,ENVIR,ENVIR221,ENVIR221,1
CJFfPgmgEnyxGk2fd,uw.edu,seattle,AUTUMN,CEE,CEE,CEE347,CEE347,1
CKkyKmNamd9fQ72Yr,uw.edu,seattle,AUTUMN,BIOST,BIOST,BIOST310,BIOST310,1
CNE6pwjnkR6CopMjd,uw.edu,seattle,AUTUMN,ESS,ESS,ESS211,ESS211,1
CNk6FT5NbR7Au5wCt,uw.edu,seattle,SUMMER,COM,COM,COM452,COM452,1
CQJDLLQ4va9jpRvMa,uw.edu,seattle,AUTUMN,BIOL,BIOL,BIOL350,BIOL350,1
CQsX88FYiuszgPyeJ,uw.edu,seattle,AUTUMN,AES,AES,AES150,AES150,2
CYK4wX7A3scsne9MZ,uw.edu,seattle,AUTUMN,JAPAN,JAPAN,JAPAN421,JAPAN421,2
CZNdFWh5BZjGsQvTT,uw.edu,seattle,SUMMER,STAT,STAT,STAT221,STAT221,2
Ce7EyrT7EXhMmyigk,uw.edu,seattle,AUTUMN,PHIL,PHIL,PHIL335,PHIL335,1
CfeNhFbc2cuALBaZZ,uw.edu,seattle,AUTUMN,IBUS,IBUS,IBUS562,IBUS562,1
CgpC5WAegL2DhQKvR,uw.edu,seattle,SUMMER,GWSS,GWSS,GWSS313,GWSS313,1
CjuXSQF6DNrz93ob3,uw.edu,seattle,SUMMER,PSYCH,PSYCH,PSYCH448,PSYCH448,2
CmcE2AZu83LRRthoC,uw.edu,seattle,AUTUMN,MATH,MATH,MATH381,MATH381,1
CnZidd3XZwo3gWFTF,uw.edu,seattle,AUTUMN,HSTEU,HSTEU,HSTEU376,HSTEU376,1
CnaBdAjnvuAL3jChm,uw.edu,seattle,AUTUMN,LING,LING,LING532,LING532,1
Cr2dmoTKMoQv2xJ5H,uw.edu,seattle,AUTUMN,SPAN,SPAN,SPAN314,SPAN314,1
CuLKxqGzZhosFLNMD,uw.edu,seattle,AUTUMN,NEARE,NEARE,NEARE508,NEARE508,1
CufYtPoHkz5hQsj3x,uw.edu,seattle,AUTUMN,JSIS,JSIS,JSIS500,JSIS500,1
CvTvH7DiPxuE5RfnX,uw.edu,seattle,SUMMER,ASTR,ASTR,ASTR581,ASTR581,1
CwXC3SqbYHSMxAutj,uw.edu,seattle,AUTUMN,MATH,MATH,MATH504,MATH504,1
Cxu27N32mjPxfSxEj,uw.edu,seattle,AUTUMN,MKTG,MKTG,MKTG450,MKTG450,1
CycQshD8A5tWmQ2TB,uw.edu,seattle,AUTUMN,ACCTG,ACCTG,ACCTG521,ACCTG521,1
CzAj26FABvqGuQJ4Y,uw.edu,seattle,SUMMER,ASL,ASL,ASL134,ASL134,2
CzREaSfcihz2nsdky,uw.edu,seattle,SUMMER,FRENCH,FRENCH,FRENCH203,FRENCH203,1
CziY6jYK9W8QX9vL2,uw.edu,seattle,SUMMER,SPAN,SPAN,SPAN484,SPAN484,1
D2sHWH8GvxATk8ixe,uw.edu,seattle,SUMMER,ASTR,ASTR,ASTR150,ASTR150,2
D43BCxqWZWBixsrPL,uw.edu,seattle,SUMMER,PCE,PCE,PCE165495,PCE165495,1
D5k5Afai6rTkquWPJ,uw.edu,seattle,SUMMER,LAWE,LAWE,LAWE500,LAWE500,1
D9DFsfhWqWwjSM5Ns,uw.edu,seattle,SUMMER,PSYCH,PSYCH,PSYCH300,PSYCH300,1
DCHNvcZyyPNKGrhHE,uw.edu,seattle,AUTUMN,ECON,ECON,ECON421,ECON421,1
DCTBRWvdMPtGwkwiy,uw.edu,seattle,SUMMER,SPHSC,SPHSC,SPHSC250,SPHSC250,2
DCWxxqY6WANzKuWri,uw.edu,seattle,AUTUMN,POLS,POLS,POLS332,POLS332,1
DFShYwr4yBzyNiXXY,uw.edu,seattle,AUTUMN,SOCWL,SOCWL,SOCWL591,SOCWL591,1
DFYYdepJkGxuF5tzu,uw.edu,seattle,AUTUMN,PUBPOL,PUBPOL,PUBPOL518,PUBPOL518,1
DGApSyGoFKCJcrx4L,uw.edu,seattle,AUTUMN,HSMGMT,HSMGMT,HSMGMT507,HSMGMT507,2
DH66B4ihJYKmsrHAP,uw.edu,seattle,AUTUMN,EDTEP,EDTEP,EDTEP532,EDTEP532,1
DMRnixgxhMyq8WSfi,uw.edu,seattle,SUMMER,EDC&I,EDC&I,EDC&I542,EDC&I542,1
DRGcMJXPR6F7s3knb,uw.edu,seattle,AUTUMN,HSTAA,HSTAA,HSTAA221,HSTAA221,1
DY9dRk7e84MNMPMpu,uw.edu,seattle,AUTUMN,POLS,POLS,POLS304,POLS304,1
DYsoNdb3DjaAa4fXA,uw.edu,seattle,AUTUMN,ENTRE,ENTRE,ENTRE510,ENTRE510,2
DZyCSES5AZQ2MopYy,uw.edu,seattle,AUTUMN,REHAB,REHAB,REHAB505,REHAB505,1
DbHfLyujPvoQcG9Lq,uw.edu,seattle,SUMMER,BIOL,BIOL,BIOL434,BIOL434,2
DbbesmLhcyrqSResW,uw.edu,seattle,AUTUMN,EARLY,EARLY,EARLYESL104,EARLYESL104,1
DdWGDv5iL98cjSv8v,uw.edu,seattle,AUTUMN,MUSIC,MUSIC,MUSIC473,MUSIC473,1
DeMZ9ohuhfgu7snvs,uw.edu,seattle,AUTUMN,AMATH,AMATH,AMATH401,AMATH401,1
DfpoFgdK4Kb5Q77GF,uw.edu,seattle,AUTUMN,LIS,LIS,LIS580,LIS580,2
Dg3nNSyjtMmHfRnaZ,uw.edu,seattle,SUMMER,ENGL,ENGL,ENGL281,ENGL281,1
Dhow3Jz344Z8LAatJ,uw.edu,seattle,AUTUMN,GERMAN,GERMAN,GERMAN518,GERMAN518,1
Dk6GqFPRZF3HPtzmq,uw.edu,seattle,AUTUMN,CHEME,CHEME,CHEME555,CHEME555,1
DmmgmhzGR6sosPoSJ,uw.edu,seattle,AUTUMN,JSISB,JSISB,JSISB345,JSISB345,1
DmrNzDrmRLJ77DrBr,uw.edu,seattle,AUTUMN,SPAN,SPAN,SPAN302,SPAN302,2
DpNHkaFyJmbseQpn4,uw.edu,seattle,AUTUMN,RELIG,RELIG,RELIG590,RELIG590,1
Dq9CoTvipGHd5nCdc,uw.edu,seattle,SUMMER,HSTAA,HSTAA,HSTAA105,HSTAA105,1
DtpioJYQLCYd2n8xK,uw.edu,seattle,SUMMER,SOCW,SOCW,SOCW507,SOCW507,2
DuY9jiqQkvgLwz55D,uw.edu,seattle,AUTUMN,SPAN,SPAN,SPAN216,SPAN216,1
DuocnrhtD8uXtcYyy,uw.edu,seattle,AUTUMN,ANTH,ANTH,ANTH209,ANTH209,1
DxKwjnYWMwqN8E9T5,uw.edu,seattle,SUMMER,LING,LING,LING234,LING234,1
E3TeifbS94ZknLWnc,uw.edu,seattle,AUTUMN,ESS,ESS,ESS503,ESS503,1
E5MQbhz7QQCJLvWDq,uw.edu,seattle,AUTUMN,BIOL,BIOL,BIOL250,BIOL250,2
E5SorL2K9pRpyiRvP,uw.edu,seattle,AUTUMN,BIOST,BIOST,BIOST570,BIOST570,1
E5b3t9znj8CrnZ8dR,uw.edu,seattle,AUTUMN,HSTCMP,HSTCMP,HSTCMP245,HSTCMP245,1
E5k6GzFZupPhi8Yp3,uw.edu,seattle,SUMMER,PHIL,PHIL,PHIL350,PHIL350,1
EAb8vbbQtmnd5gXPa,uw.edu,seattle,SUMMER,LAWE,LAWE,LAWE518,LAWE518,1
EEGp4wxpvza7C4pqo,uw.edu,seattle,SUMMER,AMATH,AMATH,AMATH383,AMATH383,1
EFYG6xpfSDkQePJD8,uw.edu,seattle,SUMMER,EE,EE,EE233,EE233,1
EGBi3jdqSbWDSYfdd,uw.edu,seattle,AUTUMN,EDSPE,EDSPE,EDSPE527,EDSPE527,1
EH4ohnerSrsM9FNpb,uw.edu,seattle,AUTUMN,SEFS,SEFS,SEFS530,SEFS530,2
EHNZ37v88zNTnbmiv,uw.edu,seattle,AUTUMN,MEDSCI,MEDSCI,MEDSCI510,MEDSCI510,1
EHuNhqwQJ5mhGWhYz,uw.edu,seattle,AUTUMN,ATMS,ATMS,ATMS571,ATMS571,1
EQL9NfCFkxN9rP8nz,uw.edu,seattle,AUTUMN,ARCH,ARCH,ARCH320,ARCH320,1
ESXrRBHGdYkZR3NvN,uw.edu,seattle,AUTUMN,JSISA,JSISA,JSISA327,JSISA327,1
ETpywKqmANbEfxL2D,uw.edu,seattle,SUMMER,LING,LING,LING200,LING200,1
EWiPszNQn9wyjBM2R,uw.edu,seattle,AUTUMN,CHEM,CHEM,CHEM120,CHEM120,1
EZWSXnCxidK2z8xTT,uw.edu,seattle,AUTUMN,BIOL,BIOL,BIOL455,BIOL455,1
EaMoH3LwjK32aNxQD,uw.edu,seattle,AUTUMN,MATH,MATH,MATH427,MATH427,1
EafuPKAz2FJFYjdRa,uw.edu,seattle,SUMMER,POLS,POLS,POLS203,POLS203,1
EanLLTLHsrvymNmqB,uw.edu,seattle,AUTUMN,CHEME,CHEME,CHEME330,CHEME330,1
EpA3ZcYxRwCPWm2zS,uw.edu,seattle,AUTUMN,ATMS,ATMS,ATMS493,ATMS493,1
EsPMz5c5tZY47TwFn,uw.edu,seattle,SUMMER,NEARE,NEARE,NEARE429,NEARE429,1
EwmrLhsioLMJokrkP,uw.edu,seattle,AUTUMN,ACCTG,ACCTG,ACCTG500,ACCTG500,4
ExBZ3CrwrFMW4Zc4f,uw.edu,seattle,SUMMER,NURS,NURS,NURS304,NURS304,1
EyEBe4Kn5iLPddJA8,uw.edu,seattle,AUTUMN,AA,AA,AA310,AA310,2
F3dEZscygYH4uxZYG,uw.edu,seattle,AUTUMN,PHYS,PHYS,PHYS331,PHYS331,1
F6eD3CQBGhxmwqo95,uw.edu,seattle,AUTUMN,ENTRE,ENTRE,ENTRE542,ENTRE542,2
F7Hc3NviQ2eMuwspv,uw.edu,seattle,AUTUMN,COM,COM,COM231,COM231,1
F85CkqG6Fv68KJhkJ,uw.edu,seattle,SUMMER,BIOL,BIOL,BIOL100,BIOL100,1
F8MXeBErGr5oLKh3P,uw.edu,seattle,AUTUMN,HSTRY,HSTRY,HSTRY288,HSTRY288,1
FC7JAdvKmK6kh7mdr,uw.edu,seattle,AUTUMN,CHIN,CHIN,CHIN101,CHIN101,2
FCskJnMEqM653FtyK,uw.edu,seattle,AUTUMN,HINDI,HINDI,HINDI101,HINDI101,1
FEWJQcax8kLHWupCM,uw.edu,seattle,AUTUMN,ACCTG,ACCTG,ACCTG199,ACCTG199,1
FGiEE9dazTum9xKEW,uw.edu,seattle,AUTUMN,GERMAN,GERMAN,GERMAN103,GERMAN103,2
FH2NsW6jxoDpgKihn,uw.edu,seattle,AUTUMN,CSE,CSE,CSE312,CSE312,1
FKDwr7CpNcwRzpLNn,uw.edu,seattle,AUTUMN,CHIN,CHIN,CHIN411,CHIN411,1
FP48dkJqQLggSTE7W,uw.edu,seattle,AUTUMN,MGMT,MGMT,MGMT300,MGMT300,5
FZNouBLENJdYJJ3nx,uw.edu,seattle,AUTUMN,FRENCH,FRENCH,FRENCH102,FRENCH102,1
FawMsqJWHFC8cvHfx,uw.edu,seattle,AUTUMN,BIOL,BIOL,BIOL106,BIOL106,1
FeraK54WrqQrqyM3t,uw.edu,seattle,AUTUMN,AAS,AAS,AAS395,AAS395,1
FgQrTy7Tcwtgq2Z5s,uw.edu,seattle,AUTUMN,EARLY,EARLY,EARLYESL102,EARLYESL102,1
Fj5yfwCQWLcrr3ezx,uw.edu,seattle,SUMMER,PHIL,PHIL,PHIL345,PHIL345,1
FkkZaSK7qTzynBzzt,uw.edu,seattle,AUTUMN,DANISH,DANISH,DANISH101,DANISH101,1
FnhZFYTvc8CRDMTnL,uw.edu,seattle,AUTUMN,PHIL,PHIL,PHIL120,PHIL120,1
FoiJBQnWLJ7gfXxtH,uw.edu,seattle,SUMMER,JSISA,JSISA,JSISA205,JSISA205,1
Fr7Ga6Cq2pkgGMMnw,uw.edu,seattle,AUTUMN,NEARE,NEARE,NEARE318,NEARE318,1
FyDZpujmTgjxPixET,uw.edu,seattle,AUTUMN,CHIN,CHIN,CHIN211,CHIN211,1
G3AiYu8BAc8DRzzhk,uw.edu,seattle,AUTUMN,CHSTU,CHSTU,CHSTU330,CHSTU330,1
G3XcAJTN7D7NhiDWR,uw.edu,seattle,AUTUMN,ME,ME,ME395,ME395,1
G4QAisPCo9zLGKD2Q,uw.edu,seattle,AUTUMN,PHYS,PHYS,PHYS581,PHYS581,1
G52rYLYTevHBfKs4a,uw.edu,seattle,AUTUMN,C LIT,C LIT,C LIT400,C LIT400,1
G7QPELrFP8hQjqvRn,uw.edu,seattle,SUMMER,REHAB,REHAB,REHAB507,REHAB507,1
GCTjFtmsiPP8MYL3i,uw.edu,seattle,AUTUMN,ME,ME,ME461,ME461,1
GJcqB4F2ZvXhKycqq,uw.edu,seattle,AUTUMN,ACCTG,ACCTG,ACCTG320,ACCTG320,1
GawB5CbzmpbN4Xm7M,uw.edu,seattle,AUTUMN,MGMT,MGMT,MGMT320,MGMT320,3
GbKtp4dChGjCyZBPH,uw.edu,seattle,AUTUMN,CHID,CHID,CHID260,CHID260,1
Gem5hNs2chx3R5uSY,uw.edu,seattle,AUTUMN,REHAB,REHAB,REHAB576,REHAB576,1
GhoTmG2SPsft8aGcN,uw.edu,seattle,SUMMER,ANTH,ANTH,ANTH308,ANTH308,1
Gk8qsWBE2dN4ENWZy,uw.edu,seattle,SUMMER,PHIL,PHIL,PHIL120,PHIL120,3
GpEMDwpaGSADov42N,uw.edu,seattle,SUMMER,MGMT,MGMT,MGMT300,MGMT300,1
GqrHHzD22nDyjpHy2,uw.edu,seattle,SUMMER,JSISB,JSISB,JSISB366,JSISB366,1
Grp2PcMKb3isXTn5Q,uw.edu,seattle,SUMMER,STAT,STAT,STAT390,STAT390,1
GthfAtFrvpF9EDNxL,uw.edu,seattle,SUMMER,MATH,MATH,MATH395,MATH395,1
GuN9jGDvF36bssdtd,uw.edu,seattle,AUTUMN,CHEM,CHEM,CHEM475,CHEM475,1
GvfQWsbKZMAiotje7,uw.edu,seattle,AUTUMN,NUTR,NUTR,NUTR412,NUTR412,1
Gw8CfRgG4LCEQa8Du,uw.edu,seattle,SUMMER,EDC&I,EDC&I,EDC&I424,EDC&I424,1
GwAqtfQL3PK8FYgqr,uw.edu,seattle,AUTUMN,NUTR,NUTR,NUTR200,NUTR200,1
Gyn9EEZmCeZdDP3DD,uw.edu,seattle,SUMMER,GERMAN,GERMAN,GERMAN103,GERMAN103,1
GyvJu4WnSXiDrfprR,uw.edu,seattle,AUTUMN,HCDE,HCDE,HCDE412,HCDE412,1
H4NnmohGBewoNZ7HS,uw.edu,seattle,AUTUMN,ESRM,ESRM,ESRM320,ESRM320,1
H6f2unehiMTKpetXY,uw.edu,seattle,AUTUMN,BIOA,BIOA,BIOA482,BIOA482,1
H797HqRmx7y7bhBQq,uw.edu,seattle,SUMMER,PCE,PCE,PCE157463,PCE157463,1
H7Q9HtjL2i3iK9sqQ,uw.edu,seattle,AUTUMN,SCAND,SCAND,SCAND590,SCAND590,1
HA7GkkRdK6k8s8WNJ,uw.edu,seattle,SUMMER,MATH,MATH,MATH309,MATH309,4
HFF7ApepCQG3SpfTf,uw.edu,seattle,AUTUMN,JSISA,JSISA,JSISA110,JSISA110,2
HFxFpRBK5bJpykzFF,uw.edu,seattle,AUTUMN,ATMS,ATMS,ATMS301,ATMS301,1
HGQpssgnWzsg4k797,uw.edu,seattle,AUTUMN,NURS,NURS,NURS549,NURS549,1
HGXjnm7Nqs7uMgsz4,uw.edu,seattle,SUMMER,RUSS,RUSS,RUSS150,RUSS150,1
HNHRv3rEToHFQbnTy,uw.edu,seattle,SUMMER,CHEM,CHEM,CHEM457,CHEM457,1
HPTxTo28pdo8bncLY,uw.edu,seattle,AUTUMN,MATH,MATH,MATH424,MATH424,2
HT6AjfBeFKGhfobYD,uw.edu,seattle,AUTUMN,ECON,ECON,ECON490,ECON490,1
HXaaqtrTRNQ4hpqbG,uw.edu,seattle,AUTUMN,ECON,ECON,ECON301,ECON301,1
HZn2cx3aGESCr4FF2,uw.edu,seattle,SUMMER,SOC,SOC,SOC476,SOC476,1
HbE3p7CtWxyyMn3EQ,uw.edu,seattle,SUMMER,ESRM,ESRM,ESRM320,ESRM320,1
HgrdHH4657PsXkb9m,uw.edu,seattle,SUMMER,MATH,MATH,MATH307,MATH307,6
Hhzo9TXjCcZXDsLuj,uw.edu,seattle,SUMMER,DPHS,DPHS,DPHS568,DPHS568,1
Hkib75C9NZxPxknMQ,uw.edu,seattle,AUTUMN,AA,AA,AA402,AA402,1
Hmf9Eo9uXrgr2pMs5,uw.edu,seattle,SUMMER,LAWB,LAWB,LAWB510,LAWB510,5
Hom2ToWA9rrkkNXCo,uw.edu,seattle,SUMMER,POLS,POLS,POLS334,POLS334,1
HoqugnFndNLtfRvPG,uw.edu,seattle,AUTUMN,SOCW,SOCW,SOCW557,SOCW557,2
HuSLuSvf4pch6xFQ2,uw.edu,seattle,AUTUMN,AAS,AAS,AAS360,AAS360,1
J56dzw2r6foBwDB8y,uw.edu,seattle,AUTUMN,JSISB,JSISB,JSISB335,JSISB335,1
J7bQxkMCBnHgmktaY,uw.edu,seattle,SUMMER,GERMAN,GERMAN,GERMAN201,GERMAN201,1
J9pyK3H8xTf6s4LGt,uw.edu,seattle,AUTUMN,GEOG,GEOG,GEOG335,GEOG335,1
JBCYvT2eSSDpCovsA,uw.edu,seattle,AUTUMN,POLSH,POLSH,POLSH320,POLSH320,1
JDjMZYBe4GEFFamDj,uw.edu,seattle,SUMMER,PHIL,PHIL,PHIL467,PHIL467,1
JENA8seL8Hq4aiYr9,uw.edu,seattle,AUTUMN,ARTH,ARTH,ARTH272,ARTH272,1
JGWAMwS6v8Q76rfXD,uw.edu,seattle,AUTUMN,GEOG,GEOG,GEOG277,GEOG277,1
JPu2x4QLzGFzLMvde,uw.edu,seattle,AUTUMN,LAWA,LAWA,LAWA552,LAWA552,3
JQwK5WpMofePmhFKu,uw.edu,seattle,AUTUMN,MATH,MATH,MATH407,MATH407,4
JWDGqanis9vA4vsEC,uw.edu,seattle,AUTUMN,MGMT,MGMT,MGMT579,MGMT579,2
JXztuynBKivcZFcEy,uw.edu,seattle,SUMMER,ANTH,ANTH,ANTH360,ANTH360,1
Jhe2TcY4QidjXu3KX,uw.edu,seattle,SUMMER,REHAB,REHAB,REHAB535,REHAB535,1
JmK8jWq2bSP2iMEGr,uw.edu,seattle,SUMMER,MUSIC,MUSIC,MUSIC116,MUSIC116,1
JmZq4K7u3BENrvWus,uw.edu,seattle,AUTUMN,CHEM,CHEM,CHEM461,CHEM461,1
JnCueRr4XuMSRvQpT,uw.edu,seattle,AUTUMN,ENGL,ENGL,ENGL300,ENGL300,1
JoRrLMgZjzn48qKww,uw.edu,seattle,SUMMER,CLAS,CLAS,CLAS205,CLAS205,10
JsiDBh2CT2y93LzSR,uw.edu,seattle,AUTUMN,NURS,NURS,NURS548,NURS548,1
Ju5oKuDRKFdRaD66r,uw.edu,seattle,SUMMER,ENTRE,ENTRE,ENTRE575,ENTRE575,1
JzkLGDG2SBFJ6dNzu,uw.edu,seattle,AUTUMN,BIOL,BIOL,BIOL427,BIOL427,1
K2tBP3w8zQD3DpYiA,uw.edu,seattle,SUMMER,PHYS,PHYS,PHYS231,PHYS231,1
K2uzMfLz5tR4tmW88,uw.edu,seattle,SUMMER,C LIT,C LIT,C LIT250,C LIT250,1
K9QcaYKS6xMjqgto9,uw.edu,seattle,AUTUMN,CHEME,CHEME,CHEME498,CHEME498,1
K9jMyYtLZn3mwDaPN,uw.edu,seattle,SUMMER,REHAB,REHAB,REHAB537,REHAB537,1
K9md5n692J9kjaqJH,uw.edu,seattle,SUMMER,ASL,ASL,ASL234,ASL234,1
KCtw3dytoHTwPok8t,uw.edu,seattle,AUTUMN,ENVIR,ENVIR,ENVIR362,ENVIR362,1
KDTMdSADte8ZmLRCX,uw.edu,seattle,AUTUMN,BIOL,BIOL,BIOL118,BIOL118,2
KGTxqnY7YpcBpJJMK,uw.edu,seattle,AUTUMN,LAWB,LAWB,LAWB519,LAWB519,2
KGjdS5thSWPKJwCfg,uw.edu,seattle,SUMMER,MATH,MATH,MATH402,MATH402,1
KJ6iTh3xpJ4XJciTe,uw.edu,seattle,SUMMER,HSTEU,HSTEU,HSTEU401,HSTEU401,1
KJizTCS7gNqzwx9K8,uw.edu,seattle,AUTUMN,SEFS,SEFS,SEFS535,SEFS535,1
KNQnioKRea8jedAii,uw.edu,seattle,AUTUMN,NORW,NORW,NORW101,NORW101,1
KNj5BKKb9WFY2pS9e,uw.edu,seattle,AUTUMN,LAWB,LAWB,LAWB550,LAWB550,2
KQfJ87ryHxzMjNYDo,uw.edu,seattle,SUMMER,MATH,MATH,MATH390,MATH390,1
KYTgjMZzYjJtobj5o,uw.edu,seattle,SUMMER,MICROM,MICROM,MICROM302,MICROM302,3
KZ7ECZAeexgzxewHJ,uw.edu,seattle,AUTUMN,HSTAM,HSTAM,HSTAM111,HSTAM111,1
KdwNbtThhesHBQoPE,uw.edu,seattle,AUTUMN,PHYS,PHYS,PHYS506,PHYS506,1
KgKFvQ97uQrM8kkuY,uw.edu,seattle,SUMMER,SPAN,SPAN,SPAN202,SPAN202,1
KgfDhmCkjdLHDzCqR,uw.edu,seattle,AUTUMN,MUSEUM,MUSEUM,MUSEUM528,MUSEUM528,2
Kja9dSpNzDzpCH4RN,uw.edu,seattle,AUTUMN,MATH,MATH,MATH394,MATH394,1
Kjxgvy6RbamyqAZR3,uw.edu,seattle,AUTUMN,EPI,EPI,EPI512,EPI512,1
Ko73ukb3TegSSxqLA,uw.edu,seattle,AUTUMN,BIOL,BIOL,BIOL468,BIOL468,1
KoYrmQJwj96L7EuYS,uw.edu,seattle,AUTUMN,ACCTG,ACCTG,ACCTG225,ACCTG225,2
KoanXwSnokdE9HSLh,uw.edu,seattle,AUTUMN,ACCTG,ACCTG,ACCTG582,ACCTG582,1
KuoWB2eJXePZrGTyE,uw.edu,seattle,AUTUMN,SLAVIC,SLAVIC,SLAVIC518,SLAVIC518,1
KwpCiP9YLGzgKyw3L,uw.edu,seattle,SUMMER,PHYS,PHYS,PHYS224,PHYS224,1
L6cDvtLZLyPKgRtGr,uw.edu,seattle,SUMMER,CSE,CSE,CSE333,CSE333,1
L873E6ajGedWt8izN,uw.edu,seattle,AUTUMN,PHIL,PHIL,PHIL595,PHIL595,1
LDYMDTA6ACveypbNc,uw.edu,seattle,SUMMER,MGMT,MGMT,MGMT200,MGMT200,1
LJSxEQTLq2dRZECM2,uw.edu,seattle,SUMMER,SOC,SOC,SOC201,SOC201,2
LKZxcYPjJzG4BrN8J,uw.edu,seattle,AUTUMN,NUTR,NUTR,NUTR512,NUTR512,1
LKacGFvghdYTxbYLW,uw.edu,seattle,AUTUMN,CHEM,CHEM,CHEM550,CHEM550,1
LNAGvLTkuTAzzwkmv,uw.edu,seattle,SUMMER,POLS,POLS,POLS202,POLS202,1
LWWFXdAinqAS72HuT,uw.edu,seattle,AUTUMN,JSISB,JSISB,JSISB424,JSISB424,1
LcnoNd6QnPYg3haG3,uw.edu,seattle,AUTUMN,JSIS,JSIS,JSIS484,JSIS484,2
LfAdY4XFWvixGwGTE,uw.edu,seattle,SUMMER,POLS,POLS,POLS419,POLS419,1
LgsRR8u6ggxW2JZbi,uw.edu,seattle,SUMMER,SPAN,SPAN,SPAN201,SPAN201,1
LhLP5FFZDDnhW2eep,uw.edu,seattle,AUTUMN,CM,CM,CM312,CM312,1
LjaRR7sBpsHJityDR,uw.edu,seattle,SUMMER,HSMGMT,HSMGMT,HSMGMT501,HSMGMT501,1
LmG39EmsqgTjctjb4,uw.edu,seattle,AUTUMN,COM,COM,COM304,COM304,1
LnZYZFo2pSbMoYJbK,uw.edu,seattle,SUMMER,CHEM,CHEM,CHEM241,CHEM241,1
LsMwghmahs7gMBnzb,uw.edu,seattle,SUMMER,HSTCMP,HSTCMP,HSTCMP249,HSTCMP249,1
Lvc6D6cg4PTx3wmsQ,uw.edu,seattle,AUTUMN,JSISA,JSISA,JSISA212,JSISA212,1
M6MKXPaxJX933nRum,uw.edu,seattle,AUTUMN,MATH,MATH,MATH124,MATH124,9
M8ScStnY8NWxfCwSF,uw.edu,seattle,AUTUMN,CEE,CEE,CEE491,CEE491,1
MEEJMaoXTXwyQfXfF,uw.edu,seattle,AUTUMN,SOCW,SOCW,SOCW550,SOCW550,1
MEHuauJef9oiwiwoq,uw.edu,seattle,SUMMER,SCAND,SCAND,SCAND437,SCAND437,1
MFMurD8CjW7BjgF7F,uw.edu,seattle,AUTUMN,CHEME,CHEME,CHEME341,CHEME341,1
MFnmRhhxjPiuQK2FG,uw.edu,seattle,AUTUMN,CLAS,CLAS,CLAS405,CLAS405,1
MHjEZBGvoeSTnJSPp,uw.edu,seattle,SUMMER,LATIN,LATIN,LATIN301,LATIN301,1
MJ4hBXXCn6YxiLnw5,uw.edu,seattle,AUTUMN,CLAS,CLAS,CLAS101,CLAS101,6
MJvK95SG9waLPAEYL,uw.edu,seattle,AUTUMN,SOC,SOC,SOC536,SOC536,2
MKHv9qTvWP7tzBeKh,uw.edu,seattle,SUMMER,EDPSY,EDPSY,EDPSY490,EDPSY490,1
MLh2HBkuHMDqnZhfk,uw.edu,seattle,SUMMER,AMATH,AMATH,AMATH353,AMATH353,1
MRADkCChQhzegiFst,uw.edu,seattle,AUTUMN,LING,LING,LING578,LING578,1
MWQhf59abM9MSHjFe,uw.edu,seattle,AUTUMN,HSTAA,HSTAA,HSTAA110,HSTAA110,1
MYLKDRYwzRgB5MrRo,uw.edu,seattle,AUTUMN,ENGL,ENGL,ENGL202,ENGL202,1
MYqfCcETi8xLeeJbQ,uw.edu,seattle,AUTUMN,GREEK,GREEK,GREEK305,GREEK305,1
MaaWxsKgYuDTfRxdc,uw.edu,seattle,AUTUMN,EDSPE,EDSPE,EDSPE530,EDSPE530,1
McNCqDwGqaKNNJGix,uw.edu,seattle,AUTUMN,ENTRE,ENTRE,ENTRE543,ENTRE543,2
MdsCBFA6nn83TTFdd,uw.edu,seattle,AUTUMN,DRAMA,DRAMA,DRAMA371,DRAMA371,1
MjvfNjiohFPpwjoLj,uw.edu,seattle,AUTUMN,ME,ME,ME123,ME123,2
MkpbyAs5T37nWxbW4,uw.edu,seattle,SUMMER,FRENCH,FRENCH,FRENCH103,FRENCH103,1
MoQbP4MR8mXduLSyH,uw.edu,seattle,AUTUMN,MATH,MATH,MATH584,MATH584,2
MqFaej3qNzTBFPGET,uw.edu,seattle,AUTUMN,HSTCMP,HSTCMP,HSTCMP449,HSTCMP449,1
MspE3pXgvqA6Zx7RL,uw.edu,seattle,AUTUMN,SOC,SOC,SOC374,SOC374,1
MtYkGE2gR2b5f5owP,uw.edu,seattle,AUTUMN,MATH,MATH,MATH134,MATH134,1
MtePdb5KaR9eRnxpr,uw.edu,seattle,SUMMER,CHEM,CHEM,CHEM224,CHEM224,1
Mxkt8zPPhKwW7Kmos,uw.edu,seattle,AUTUMN,REHAB,REHAB,REHAB570,REHAB570,1
MyjqnY46B4JQWkRFv,uw.edu,seattle,AUTUMN,SCAND,SCAND,SCAND518,SCAND518,1
N27wub9TzyJ5JpmtJ,uw.edu,seattle,SUMMER,CHID,CHID,CHID459,CHID459,1
N4YZTugELjZ4fWP5p,uw.edu,seattle,SUMMER,STAT,STAT,STAT395,STAT395,1
N92uXkQ97taBQijf9,uw.edu,seattle,AUTUMN,JAPAN,JAPAN,JAPAN211,JAPAN211,3
NEMXPgHZwFXWdfbXQ,uw.edu,seattle,AUTUMN,ENTRE,ENTRE,ENTRE567,ENTRE567,1
NFMxPTGK4Gzhrrkqg,uw.edu,seattle,SUMMER,LAWE,LAWE,LAWE508,LAWE508,1
NGPdqatoiSADzPoSG,uw.edu,seattle,AUTUMN,ME,ME,ME529,ME529,2
NHaoqhAtDxxA6tXne,uw.edu,seattle,AUTUMN,IS,IS,IS320,IS320,2
NM4JywekLnZRp4FxJ,uw.edu,seattle,SUMMER,EDSPE,EDSPE,EDSPE529,EDSPE529,1
NNDvsFsR4CS4KRnWy,uw.edu,seattle,AUTUMN,PHYS,PHYS,PHYS227,PHYS227,1
NSEHboKhw7LMeSf9Y,uw.edu,seattle,SUMMER,SOC,SOC,SOC230,SOC230,1
NaLyj8FPRhgJqNJTK,uw.edu,seattle,AUTUMN,EDC&I,EDC&I,EDC&I569,EDC&I569,1
NdF3qvd7N5zGPwb4W,uw.edu,seattle,SUMMER,CSE,CSE,CSE142,CSE142,1
NhxXRL4Hcz7RvWLTc,uw.edu,seattle,SUMMER,ANTH,ANTH,ANTH269,ANTH269,2
Ni4Cz4B55Rniy8vGj,uw.edu,seattle,SUMMER,COM,COM,COM351,COM351,2
Nog9MNazu5J5T3rEm,uw.edu,seattle,AUTUMN,ECON,ECON,ECON454,ECON454,1
NpND6FBiK8FvCS2aP,uw.edu,seattle,AUTUMN,AA,AA,AA405,AA405,1
P4jYPMMGnPxguarZG,uw.edu,seattle,SUMMER,ANTH,ANTH,ANTH215,ANTH215,1
P4q3ZxmJAMzfEnPyJ,uw.edu,seattle,AUTUMN,ME,ME,ME430,ME430,1
P9MkxkwBGLe76GKkD,uw.edu,seattle,SUMMER,MATH,MATH,MATH124,MATH124,4
PA9QYsjQ8Q4Fq9keH,uw.edu,seattle,SUMMER,LABM,LABM,LABM421,LABM421,1
PDKNFD35DfmuitFQH,uw.edu,seattle,SUMMER,CSE,CSE,CSE332,CSE332,1
PJ8HPKWFjzBkvdyKy,uw.edu,seattle,SUMMER,SPAN,SPAN,SPAN479,SPAN479,1
PNg9Sx8iYqwfc7yCs,uw.edu,seattle,AUTUMN,BIOL,BIOL,BIOL438,BIOL438,1
PRoQBrjdS58qoj7A9,uw.edu,seattle,AUTUMN,EDTEP,EDTEP,EDTEP573,EDTEP573,1
PRzP8ajztmeiXJhHF,uw.edu,seattle,AUTUMN,GREEK,GREEK,GREEK405,GREEK405,1
PSWuL2an5NXsg9eik,uw.edu,seattle,AUTUMN,CLAS,CLAS,CLAS205,CLAS205,6
PSriNe6TtSgQheHfX,uw.edu,seattle,AUTUMN,PHIL,PHIL,PHIL540,PHIL540,1
PSyQGPmqDvPSmJHGu,uw.edu,seattle,SUMMER,ARTH,ARTH,ARTH309,ARTH309,1
PTtGL8DKJLzEXkZzW,uw.edu,seattle,AUTUMN,JSISA,JSISA,JSISA345,JSISA345,1
PWqrbwFyA8wk8SWci,uw.edu,seattle,AUTUMN,ECON,ECON,ECON500,ECON500,1
PXMCFsLXGPEsvGngQ,uw.edu,seattle,SUMMER,ME,ME,ME230,ME230,1
PYBE5Nr8GarrdZaog,uw.edu,seattle,AUTUMN,CHEME,CHEME,CHEME465,CHEME465,1
PYXfKkskf8z76vwmt,uw.edu,seattle,SUMMER,LING,LING,LING462,LING462,1
PbD8AHdcqcP8XNDzc,uw.edu,seattle,SUMMER,BIOL,BIOL,BIOL200,BIOL200,2
PnwFDXApJd6vg9A52,uw.edu,seattle,AUTUMN,C LIT,C LIT,C LIT570,C LIT570,1
Po2zW3qsdd9FSzp4k,uw.edu,seattle,AUTUMN,ASTR,ASTR,ASTR150,ASTR150,1
PoWhZNvERhiDDa3sT,uw.edu,seattle,AUTUMN,ATMS,ATMS,ATMS111,ATMS111,1
Pr3hjLzgus5HcBweS,uw.edu,seattle,AUTUMN,PHYS,PHYS,PHYS580,PHYS580,1
PtwtL4R8opmAbGFP7,uw.edu,seattle,SUMMER,PSYCH,PSYCH,PSYCH489,PSYCH489,1
PuBQCh2852726Yp9e,uw.edu,seattle,AUTUMN,GREEK,GREEK,GREEK520,GREEK520,1
Px3K5HYDdLmz9u49z,uw.edu,seattle,AUTUMN,FRENCH,FRENCH,FRENCH441,FRENCH441,1
PxYdEr99273y5GnyC,uw.edu,seattle,SUMMER,ECON,ECON,ECON300,ECON300,1
Q2LHcA8XyApdWiSWJ,uw.edu,seattle,SUMMER,POLS,POLS,POLS270,POLS270,1
Q2u8t4GLZxnncohif,uw.edu,seattle,SUMMER,CSE,CSE,CSE474,CSE474,1
Q4d6ey8HPE7hMP3Ys,uw.edu,seattle,SUMMER,LAWB,LAWB,LAWB523,LAWB523,3
Q9ZoGH9oP7T7iyZDq,uw.edu,seattle,AUTUMN,C LIT,C LIT,C LIT318,C LIT318,1
QFWhc8KzeDpYNX9A4,uw.edu,seattle,AUTUMN,CSE,CSE,CSE481,CSE481,1
QFaBFZSQLvbjaj59m,uw.edu,seattle,AUTUMN,REHAB,REHAB,REHAB521,REHAB521,1
QJLCWk5n2YtSF7hkJ,uw.edu,seattle,AUTUMN,ASTR,ASTR,ASTR300,ASTR300,1
QKdQyyfvJjnQ9Mw7S,uw.edu,seattle,AUTUMN,CLAS,CLAS,CLAS210,CLAS210,1
QLmLxzg6oMEJbciMe,uw.edu,seattle,AUTUMN,ACCTG,ACCTG,ACCTG533,ACCTG533,1
QSXcjWzf9r7ZMJ2G9,uw.edu,seattle,SUMMER,EDTEP,EDTEP,EDTEP571,EDTEP571,2
QTTC9jSdxPTjnXjQx,uw.edu,seattle,SUMMER,MATH,MATH,MATH444,MATH444,1
QbzxT3iZDgQ5gK6jY,uw.edu,seattle,AUTUMN,JSISA,JSISA,JSISA202,JSISA202,1
QdB3KycyjzbzFpezs,uw.edu,seattle,AUTUMN,REHAB,REHAB,REHAB509,REHAB509,2
QdHRnKzd7L566qxsW,uw.edu,seattle,SUMMER,HSTRY,HSTRY,HSTRY288,HSTRY288,1
QgKPaCFsZdFJHjCGK,uw.edu,seattle,AUTUMN,CHEM,CHEM,CHEM567,CHEM567,1
Qiowa3pj43bwKkLBY,uw.edu,seattle,AUTUMN,EDTEP,EDTEP,EDTEP552,EDTEP552,1
Qj8ZBKJjzdGuMPGsi,uw.edu,seattle,SUMMER,MATH,MATH,MATH411,MATH411,1
Qk3YaJDReRRdwxkC3,uw.edu,seattle,SUMMER,STAT,STAT,STAT394,STAT394,3
QpCnecbMZySoBXCqq,uw.edu,seattle,SUMMER,JSIS,JSIS,JSIS487,JSIS487,1
QqaLeWNaLQMDyFiKz,uw.edu,seattle,SUMMER,LAWB,LAWB,LAWB532,LAWB532,1
QsME5cPjjKdcKs3eQ,uw.edu,seattle,AUTUMN,ME,ME,ME124,ME124,1
QssJD2uYda4gXHa8g,uw.edu,seattle,AUTUMN,PSYCH,PSYCH,PSYCH531,PSYCH531,1
QtFtbNdde8qmzRfPB,uw.edu,seattle,AUTUMN,CHSTU,CHSTU,CHSTU200,CHSTU200,1
QtH4HdQrQj9DbZzET,uw.edu,seattle,SUMMER,ENGL,ENGL,ENGL324,ENGL324,1
Qtz9nX9EkDk2YxW8Q,uw.edu,seattle,SUMMER,RUSS,RUSS,RUSS220,RUSS220,1
QuEQ58dK4rCJ7un8g,uw.edu,seattle,SUMMER,ME,ME,ME355,ME355,1
QuyWLheFjXpKESmX3,uw.edu,seattle,AUTUMN,ARTH,ARTH,ARTH381,ARTH381,1
Qz7c3gbRGZ5rve3RZ,uw.edu,seattle,SUMMER,PHYS,PHYS,PHYS118,PHYS118,3
R2SXC9rvz45hf6oka,uw.edu,seattle,SUMMER,SPAN,SPAN,SPAN102,SPAN102,1
R6MpKzDScwBoyLSmP,uw.edu,seattle,AUTUMN,CHEM,CHEM,CHEM143,CHEM143,1
RJZWGpTM59Awgane4,uw.edu,seattle,AUTUMN,ECON,ECON,ECON200,ECON200,8
RNM5YWRhgdbTtK57c,uw.edu,seattle,SUMMER,PHYS,PHYS,PHYS119,PHYS119,4
RP6GsP9qeKtnj52LQ,uw.edu,seattle,SUMMER,ECON,ECON,ECON235,ECON235,1
RZ5fNwkxgbyAce48e,uw.edu,seattle,AUTUMN,CHEME,CHEME,CHEME512,CHEME512,1
RaTpC62BpCkm2g3Kb,uw.edu,seattle,SUMMER,HSTAA,HSTAA,HSTAA212,HSTAA212,1
Ras8hwc6EhGbCGEWj,uw.edu,seattle,AUTUMN,LING,LING,LING566,LING566,3
Rca8PPHEifMuL2AoN,uw.edu,seattle,SUMMER,CHEM,CHEM,CHEM152,CHEM152,1
ReRMohpjtqYDQ2ewW,uw.edu,seattle,AUTUMN,OCEAN,OCEAN,OCEAN587,OCEAN587,1
RiYKvN2WMMBzv5aM8,uw.edu,seattle,SUMMER,GWSS,GWSS,GWSS290,GWSS290,1
RjzKeP6ZyhMeHNssG,uw.edu,seattle,AUTUMN,DRAMA,DRAMA,DRAMA103,DRAMA103,1
Rs95QMHrGPwvHFB8S,uw.edu,seattle,AUTUMN,ENTRE,ENTRE,ENTRE509,ENTRE509,2
S3pPXYC4n7zw4k72S,uw.edu,seattle,SUMMER,GEOG,GEOG,GEOG362,GEOG362,1
S4tSPmNZ9rPWk96N9,uw.edu,seattle,AUTUMN,EARLY,EARLY,EARLYC LIT200,EARLYC LIT200,1
S5fbM9oaSkY4E4zkX,uw.edu,seattle,AUTUMN,QMETH,QMETH,QMETH580,QMETH580,1
S74F3kPr25YMWi3Kb,uw.edu,seattle,AUTUMN,ATMS,ATMS,ATMS458,ATMS458,1
S765fuFnrmEnwjwJB,uw.edu,seattle,SUMMER,PHYS,PHYS,PHYS431,PHYS431,1
SCvYWRJAsafKtKth4,uw.edu,seattle,AUTUMN,EDLPS,EDLPS,EDLPS525,EDLPS525,2
SED4ReNbJyLqcojYb,uw.edu,seattle,SUMMER,HSTAM,HSTAM,HSTAM302,HSTAM302,1
SJSJkHvsLgQjpgYbo,uw.edu,seattle,SUMMER,MATH,MATH,MATH324,MATH324,4
SPTSutoHd5FD4JrZS,uw.edu,seattle,SUMMER,SCAND,SCAND,SCAND270,SCAND270,1
SRwySFxf9Xs7e4EZ6,uw.edu,seattle,AUTUMN,HCDE,HCDE,HCDE231,HCDE231,1
SSAgKsNToQjTudM5Y,uw.edu,seattle,SUMMER,SOC,SOC,SOC362,SOC362,1
SXKubaQfAw3YNQfjY,uw.edu,seattle,AUTUMN,NUTR,NUTR,NUTR400,NUTR400,1
SbRiRHcKLMfRnYPkz,uw.edu,seattle,SUMMER,PSYCH,PSYCH,PSYCH305,PSYCH305,1
SbyQw9QntLv3caR49,uw.edu,seattle,AUTUMN,HSMGMT,HSMGMT,HSMGMT562,HSMGMT562,1
SdeayrhSr5KCzfYt7,uw.edu,seattle,SUMMER,PSYCH,PSYCH,PSYCH410,PSYCH410,1
SeRSWxARW647okg6R,uw.edu,seattle,AUTUMN,FISH,FISH,FISH450,FISH450,2
SedPucFMnvBCRrbXk,uw.edu,seattle,SUMMER,POLS,POLS,POLS201,POLS201,1
Shi6HwWbJqrQCc8Wy,uw.edu,seattle,AUTUMN,GERMAN,GERMAN,GERMAN201,GERMAN201,3
SodG8aLEEszoME4Wy,uw.edu,seattle,AUTUMN,ESS,ESS,ESS420,ESS420,1
Spjsko5ngzbMjpMSp,uw.edu,seattle,AUTUMN,JSIS,JSIS,JSIS584,JSIS584,2
SpsnZpiBZyMPrbHse,uw.edu,seattle,AUTUMN,CS&SS,CS&SS,CS&SS594,CS&SS594,1
Svd2pptAryooFREQ8,uw.edu,seattle,AUTUMN,HSMGMT,HSMGMT,HSMGMT505,HSMGMT505,2
T74T9ckxpxhvkTvQm,uw.edu,seattle,AUTUMN,ITAL,ITAL,ITAL101,ITAL101,5
TCCKt6aXtc87bH5SC,uw.edu,seattle,AUTUMN,C LIT,C LIT,C LIT240,C LIT240,1
TDRZgw5cc2iRc9uGk,uw.edu,seattle,SUMMER,QSCI,QSCI,QSCI292,QSCI292,1
TF8yPuoYBEgwX7HkX,uw.edu,seattle,SUMMER,PHYS,PHYS,PHYS123,PHYS123,1
TKCPP2Edn2vtMK9BF,uw.edu,seattle,AUTUMN,EDLPS,EDLPS,EDLPS520,EDLPS520,1
TKEbjNQhLuqe5QbYW,uw.edu,seattle,AUTUMN,AA,AA,AA504,AA504,2
TQZiBCb4LEMa6pMFk,uw.edu,seattle,SUMMER,GWSS,GWSS,GWSS251,GWSS251,1
TRE7Sf3iD92rxmTnf,uw.edu,seattle,SUMMER,ANTH,ANTH,ANTH315,ANTH315,1
TRZGA5patC4xzN5e8,uw.edu,seattle,SUMMER,SCAND,SCAND,SCAND326,SCAND326,1
TSBT7t29iofbrs6zq,uw.edu,seattle,SUMMER,ENTRE,ENTRE,ENTRE560,ENTRE560,1
TW7L7T9wCxnnFArFy,uw.edu,seattle,SUMMER,POLS,POLS,POLS325,POLS325,1
TXwsKPqefarqqK3aH,uw.edu,seattle,AUTUMN,ME,ME,ME354,ME354,1
TYuLooYHHaiPSwLGC,uw.edu,seattle,AUTUMN,LAWA,LAWA,LAWA563,LAWA563,3
TZBBy7Qv6oJvhp36P,uw.edu,seattle,AUTUMN,MATH,MATH,MATH301,MATH301,1
TazbeCyrdWQzEnbTo,uw.edu,seattle,AUTUMN,CSE,CSE,CSE373,CSE373,1
TbuY5Y2TS8SB9De7v,uw.edu,seattle,SUMMER,SPAN,SPAN,SPAN101,SPAN101,1
TdCjEKsKhaMzpZMuo,uw.edu,seattle,SUMMER,POLS,POLS,POLS326,POLS326,1
TdJfJwXSWHuE2cpcp,uw.edu,seattle,AUTUMN,EDC&I,EDC&I,EDC&I552,EDC&I552,1
TfBi3KdJRyCfjAcHv,uw.edu,seattle,SUMMER,FIN,FIN,FIN457,FIN457,1
TiRb7F5Lv2kxawTvs,uw.edu,seattle,SUMMER,GEOG,GEOG,GEOG335,GEOG335,1
Tiz7vZiT3kHdFcLpv,uw.edu,seattle,AUTUMN,BIOL,BIOL,BIOL490,BIOL490,1
TnkWgxxcDKkWoCAe5,uw.edu,seattle,AUTUMN,STAT,STAT,STAT570,STAT570,2
Tph5pbAE4T5wTrKB3,uw.edu,seattle,SUMMER,JSISA,JSISA,JSISA221,JSISA221,1
Tqo4R7DaKAuvG8n7L,uw.edu,seattle,SUMMER,NURS,NURS,NURS309,NURS309,1
TtMZyHBxqaQXt6WkE,uw.edu,seattle,SUMMER,PHYS,PHYS,PHYS122,PHYS122,1
TtfKvPCgLgXhJxxim,uw.edu,seattle,AUTUMN,HSERV,HSERV,HSERV511,HSERV511,2
TyQSzvt6PFvgQkvop,uw.edu,seattle,SUMMER,JSISA,JSISA,JSISA207,JSISA207,1
TyTCtsCd5rPBfSf8L,uw.edu,seattle,SUMMER,EE,EE,EE504,EE504,1
TzBNqx2Qf7B3jjivB,uw.edu,seattle,SUMMER,ME,ME,ME599,ME599,3
W7ptXt2yfWLaFyDpz,uw.edu,seattle,SUMMER,ESRM,ESRM,ESRM210,ESRM210,1
W7s8frxNZPgqRukWQ,uw.edu,seattle,AUTUMN,POLS,POLS,POLS535,POLS535,1
W9nA6ip7JAY4EWx6b,uw.edu,seattle,AUTUMN,MATH,MATH,MATH126,MATH126,7
WHjKRxXAJCtMi8Nqh,uw.edu,seattle,SUMMER,ENGL,ENGL,ENGL471,ENGL471,1
WK5sZ6XZebFgh9ZvY,uw.edu,seattle,AUTUMN,EDSPE,EDSPE,EDSPE501,EDSPE501,1
WKLReoCiRB7hMqt24,uw.edu,seattle,SUMMER,ASTR,ASTR,ASTR101,ASTR101,2
WMDkXZkboEBCv9Hd5,uw.edu,seattle,SUMMER,COM,COM,COM289,COM289,1
WMGnnjLxbLdmdQpdn,uw.edu,seattle,AUTUMN,ME,ME,ME588,ME588,3
WMSFsXjQ7dmoZNQhC,uw.edu,seattle,AUTUMN,NUTR,NUTR,NUTR561,NUTR561,1
WPf9CGj8spxyCokL2,uw.edu,seattle,AUTUMN,ATMS,ATMS,ATMS503,ATMS503,1
WRooXR3yADapwxrvZ,uw.edu,seattle,SUMMER,FRENCH,FRENCH,FRENCH201,FRENCH201,1
WSct8nK9JXj5bDsfS,uw.edu,seattle,AUTUMN,ENGR,ENGR,ENGR498,ENGR498,1
WXWTm7STNvJx6JXrH,uw.edu,seattle,AUTUMN,ESS,ESS,ESS431,ESS431,1
WXpjbfnTMhJwThweo,uw.edu,seattle,AUTUMN,BIOL,BIOL,BIOL485,BIOL485,2
WcXrKhamnnQ39NdY5,uw.edu,seattle,AUTUMN,C LIT,C LIT,C LIT252,C LIT252,1
WfY5JedbX2heThXTw,uw.edu,seattle,AUTUMN,AA,AA,AA501,AA501,1
WipuQtg4fuHYkdbXj,uw.edu,seattle,SUMMER,PCE,PCE,PCE165230,PCE165230,1
Wo5Ce6Bygg3MXCEmx,uw.edu,seattle,SUMMER,GREEK,GREEK,GREEK300,GREEK300,1
Wu6xSAfYhZuaskfkW,uw.edu,seattle,AUTUMN,ARCH,ARCH,ARCH441,ARCH441,1
WwTiMzwNwCyoGgpTF,uw.edu,seattle,SUMMER,ECON,ECON,ECON409,ECON409,1
X2ytYhWcuX43XJCP3,uw.edu,seattle,SUMMER,COM,COM,COM233,COM233,1
X3mcPGEkGzCJkBtrE,uw.edu,seattle,SUMMER,POLS,POLS,POLS249,POLS249,1
X9zdN6AcPdx5duE8Y,uw.edu,seattle,AUTUMN,HSTAM,HSTAM,HSTAM320,HSTAM320,1
XCy4ZRA2EQEuwydCX,uw.edu,seattle,AUTUMN,CHEM,CHEM,CHEM455,CHEM455,2
XDncXGHmJQEJK4AFd,uw.edu,seattle,SUMMER,MUSIC,MUSIC,MUSIC160,MUSIC160,1
XKmqovpxtwDEA6iXX,uw.edu,seattle,SUMMER,ARAB,ARAB,ARAB515,ARAB515,1
XLMkeSKhp9AcboFtx,uw.edu,seattle,SUMMER,ENGL,ENGL,ENGL265,ENGL265,1
XX4K9DSK77ZCLKhf9,uw.edu,seattle,SUMMER,LAWB,LAWB,LAWB567,LAWB567,2
Xa6vGXFzd8fsQJzbx,uw.edu,seattle,SUMMER,ESL,ESL,ESL99,ESL99,28
Xct5HsZNSdoY4MXGp,uw.edu,seattle,AUTUMN,ESS,ESS,ESS587,ESS587,1
XexMi5WgaCbzjThYQ,uw.edu,seattle,AUTUMN,LAWA,LAWA,LAWA590,LAWA590,6
XhZHR6mkyDgeJp5yN,uw.edu,seattle,AUTUMN,ATMS,ATMS,ATMS501,ATMS501,1
XrEHWZXbkov2AvZr9,uw.edu,seattle,AUTUMN,SPAN,SPAN,SPAN101,SPAN101,2
Xt763FhSmfu4F5fx6,uw.edu,seattle,SUMMER,GEOG,GEOG,GEOG123,GEOG123,1
XtSF7wZzWxAQnNGsn,uw.edu,seattle,AUTUMN,PHIL,PHIL,PHIL482,PHIL482,1
Y2LoJwsPmKrH94nD8,uw.edu,seattle,AUTUMN,ENGL,ENGL,ENGL316,ENGL316,1
Y3atvsTdj5cSzd2tF,uw.edu,seattle,AUTUMN,ATMS,ATMS,ATMS487,ATMS487,1
Y5PNcTQCfYojwAaRh,uw.edu,seattle,AUTUMN,INFO,INFO,INFO470,INFO470,2
Y662b6LMSbeRpkJC8,uw.edu,seattle,SUMMER,ENGL,ENGL,ENGL207,ENGL207,1
Y8TFP4sYjfsHGtRjk,uw.edu,seattle,SUMMER,ENGL,ENGL,ENGL210,ENGL210,1
Y8r7s6wGgnZkvZfit,uw.edu,seattle,AUTUMN,JSISB,JSISB,JSISB360,JSISB360,1
YCqZKYB6A2TXtTCob,uw.edu,seattle,SUMMER,ITAL,ITAL,ITAL134,ITAL134,1
YQAw3uwWFfYuKMNfG,uw.edu,seattle,AUTUMN,CHEM,CHEM,CHEM312,CHEM312,1
YSqdjZvbHioiwLgQ5,uw.edu,seattle,AUTUMN,LING,LING,LING507,LING507,1
YY5HC83cnC3JyxFYN,uw.edu,seattle,AUTUMN,SPAN,SPAN,SPAN202,SPAN202,3
YYX8rGa68PFddE4ZM,uw.edu,seattle,AUTUMN,EARLY,EARLY,EARLYC LIT240,EARLYC LIT240,1
YgfBfuRyGiR6d6Dfu,uw.edu,seattle,AUTUMN,PHYS,PHYS,PHYS501,PHYS501,1
Yh8jfgY3FWwCqHphX,uw.edu,seattle,AUTUMN,RELIG,RELIG,RELIG202,RELIG202,1
Yp9qQMaziZCfYzHpa,uw.edu,seattle,AUTUMN,HONORS,HONORS,HONORS240,HONORS240,1
YpagWpWwqkBzwasXy,uw.edu,seattle,AUTUMN,STAT,STAT,STAT512,STAT512,2
YquY9JxivomizoiJq,uw.edu,seattle,AUTUMN,DANISH,DANISH,DANISH310,DANISH310,1
YvAHtyKxNCy8QnDmn,uw.edu,seattle,SUMMER,CHEM,CHEM,CHEM223,CHEM223,1
YvvzscqQZTwPMSHXS,uw.edu,seattle,AUTUMN,PSYCH,PSYCH,PSYCH448,PSYCH448,1
YziNWhRcpSxJwxAmM,uw.edu,seattle,SUMMER,ENTRE,ENTRE,ENTRE564,ENTRE564,1
Z2uyXYKASCt3xL4Hv,uw.edu,seattle,SUMMER,CLAS,CLAS,CLAS430,CLAS430,1
Z7tzzkd3mgJeHt6GE,uw.edu,seattle,AUTUMN,EDSPE,EDSPE,EDSPE520,EDSPE520,1
Z7x5cAybuTf6Rn8Co,uw.edu,seattle,SUMMER,PSYCH,PSYCH,PSYCH209,PSYCH209,1
Z8MGeZY6vwxzAhguN,uw.edu,seattle,SUMMER,SPHSC,SPHSC,SPHSC308,SPHSC308,2
Z9DWCtryKyPD2iAAu,uw.edu,seattle,AUTUMN,QSCI,QSCI,QSCI190,QSCI190,1
ZC4q3AG9gu2NxcW5u,uw.edu,seattle,AUTUMN,PHYS,PHYS,PHYS224,PHYS224,1
ZF4B4c6rTi5QW56uD,uw.edu,seattle,AUTUMN,ARTH,ARTH,ARTH214,ARTH214,1
ZGD8Qr9dgPphqkJ9z,uw.edu,seattle,SUMMER,JSISB,JSISB,JSISB331,JSISB331,1
ZGDmEy3i8oDZgNtdA,uw.edu,seattle,AUTUMN,CM,CM,CM311,CM311,2
ZGssJY2L8RAy459Ny,uw.edu,seattle,SUMMER,ANTH,ANTH,ANTH233,ANTH233,1
ZHavmRBjuw5ezzRzY,uw.edu,seattle,AUTUMN,GERMAN,GERMAN,GERMAN101,GERMAN101,6
ZPcKgEJt9kfZMjpCQ,uw.edu,seattle,SUMMER,ANTH,ANTH,ANTH407,ANTH407,1
ZQGbFad93P8BgmspY,uw.edu,seattle,AUTUMN,MEDSCI,MEDSCI,MEDSCI520,MEDSCI520,1
ZXwEbz3hTEYnSzwQs,uw.edu,seattle,AUTUMN,NUTR,NUTR,NUTR559,NUTR559,1
ZYG9HQcGMxKCo2yPb,uw.edu,seattle,AUTUMN,IBUS,IBUS,IBUS462,IBUS462,1
ZbmptMYmYPW8CfnMZ,uw.edu,seattle,AUTUMN,ARCH,ARCH,ARCH590,ARCH590,1
ZkH43f75728cTG9eE,uw.edu,seattle,AUTUMN,REHAB,REHAB,REHAB511,REHAB511,1
ZmQSNRFA6pjXy4YdH,uw.edu,seattle,SUMMER,POLS,POLS,POLS436,POLS436,1
ZqnjiKd8DeTcrHfQh,uw.edu,seattle,AUTUMN,ECON,ECON,ECON472,ECON472,1
a3YmGobC9YuTCoST3,uw.edu,seattle,AUTUMN,CHEM,CHEM,CHEM464,CHEM464,1
a85BxfmEt4uHLQiu3,uw.edu,seattle,SUMMER,LAWB,LAWB,LAWB582,LAWB582,1
a89E2QrnmcanrZXhg,uw.edu,seattle,AUTUMN,ATMS,ATMS,ATMS220,ATMS220,2
a8eqD4WcuqxysKbWv,uw.edu,seattle,AUTUMN,GERMAN,GERMAN,GERMAN203,GERMAN203,1
aA4FP5MZisxHH6rS6,uw.edu,seattle,AUTUMN,LING,LING,LING461,LING461,1
aAu86Fn6qH97fJ87X,uw.edu,seattle,SUMMER,HSMGMT,HSMGMT,HSMGMT592,HSMGMT592,1
aCTmdAAGn6oR9wdFT,uw.edu,seattle,SUMMER,JSISA,JSISA,JSISA268,JSISA268,1
aDPiQB2LquLwF3zqN,uw.edu,seattle,SUMMER,JSIS,JSIS,JSIS123,JSIS123,1
aEXYXc36Ccw76LBWW,uw.edu,seattle,AUTUMN,SLAVIC,SLAVIC,SLAVIC110,SLAVIC110,1
aGTvP3v3qv4eJe6a8,uw.edu,seattle,AUTUMN,MUSIC,MUSIC,MUSIC414,MUSIC414,1
aLJSfT5Rb4ApJ2bzC,uw.edu,seattle,AUTUMN,CLAS,CLAS,CLAS427,CLAS427,1
aQndGJ2P7ivHmDftg,uw.edu,seattle,AUTUMN,INFO,INFO,INFO481,INFO481,2
aRAzvGRJ3NwrqiARB,uw.edu,seattle,SUMMER,ANTH,ANTH,ANTH369,ANTH369,1
aWcvRFZSaF6u42ib8,uw.edu,seattle,SUMMER,ANTH,ANTH,ANTH322,ANTH322,1
aWxz4aWxyjBscJp4H,uw.edu,seattle,SUMMER,POLS,POLS,POLS464,POLS464,1
aZGJJhMeJacf3TTLg,uw.edu,seattle,AUTUMN,ENGL,ENGL,ENGL329,ENGL329,1
aaidDoCfEf9FtPmst,uw.edu,seattle,AUTUMN,HSTAS,HSTAS,HSTAS212,HSTAS212,1
agzmH4kxBYgwntJRD,uw.edu,seattle,SUMMER,MATH,MATH,MATH301,MATH301,2
ahLhhZNRBsPPEpx4i,uw.edu,seattle,AUTUMN,NORW,NORW,NORW201,NORW201,1
ahkotTaD3E5XW7Qrd,uw.edu,seattle,AUTUMN,EARLY,EARLY,EARLYSCAND270,EARLYSCAND270,1
arX8H4HoNTdCLm5q5,uw.edu,seattle,SUMMER,CSE,CSE,CSE143,CSE143,1
axLz48M8HmCks6Wnk,uw.edu,seattle,SUMMER,AFRAM,AFRAM,AFRAM337,AFRAM337,1
azWBhPzFpdfzwusGh,uw.edu,seattle,AUTUMN,ESS,ESS,ESS472,ESS472,2
b3xJj8447gvBcAxoY,uw.edu,seattle,AUTUMN,SNKRT,SNKRT,SNKRT521,SNKRT521,1
b4m2QpY8tWppm2h9i,uw.edu,seattle,AUTUMN,LAWA,LAWA,LAWA561,LAWA561,6
b7Mp3dvr9yu4gvgYj,uw.edu,seattle,AUTUMN,LAWB,LAWB,LAWB516,LAWB516,4
b8qsHdYEkp6tFcFCD,uw.edu,seattle,SUMMER,CHIN,CHIN,CHIN134,CHIN134,1
bBppLQSg278RvLaGa,uw.edu,seattle,SUMMER,BIOL,BIOL,BIOL180,BIOL180,2
bDMvgjGz4QZbFm5jb,uw.edu,seattle,SUMMER,POLS,POLS,POLS333,POLS333,1
bEo8AYr2Bp8ewbjSH,uw.edu,seattle,SUMMER,ENGL,ENGL,ENGL250,ENGL250,1
bMwkySHrNNqZAu6af,uw.edu,seattle,AUTUMN,OPMGT,OPMGT,OPMGT502,OPMGT502,4
bSvJfL6GAi3g43tDf,uw.edu,seattle,SUMMER,POLS,POLS,POLS246,POLS246,1
bWb2XgWK5HfydB6jj,uw.edu,seattle,SUMMER,GREEK,GREEK,GREEK304,GREEK304,1
bXikfbezWbfrXz2X7,uw.edu,seattle,AUTUMN,ASIAN,ASIAN,ASIAN498,ASIAN498,1
bYYKab7PYM7EXWEuQ,uw.edu,seattle,AUTUMN,PSYCH,PSYCH,PSYCH300,PSYCH300,1
bbv6KXE2rv9gCiwCT,uw.edu,seattle,AUTUMN,CS&SS,CS&SS,CS&SS221,CS&SS221,1
bcfS8weNNCYAjdwEH,uw.edu,seattle,AUTUMN,MATH,MATH,MATH307,MATH307,14
bfw4BPtFJ6qMqgpRG,uw.edu,seattle,SUMMER,ENGL,ENGL,ENGL302,ENGL302,1
bgaKHaHbiBbY3dsnE,uw.edu,seattle,AUTUMN,AIS,AIS,AIS275,AIS275,1
bgt4ttPZrmtq83y65,uw.edu,seattle,AUTUMN,LAWA,LAWA,LAWA558,LAWA558,2
bj7LDAAJSsLvgMAGb,uw.edu,seattle,AUTUMN,MGMT,MGMT,MGMT402,MGMT402,1
buRpyWdDzKCTc9iKB,uw.edu,seattle,AUTUMN,CHEM,CHEM,CHEM458,CHEM458,1
buWa8xhvGpML6Hssj,uw.edu,seattle,AUTUMN,PHYS,PHYS,PHYS524,PHYS524,1
buwf4sHMFcSqau9cP,uw.edu,seattle,AUTUMN,COM,COM,COM362,COM362,1
bvK9T2jqDrGF7sTFP,uw.edu,seattle,AUTUMN,ACCTG,ACCTG,ACCTG411,ACCTG411,1
bvMFg4GhfXxGpQg6v,uw.edu,seattle,SUMMER,GERMAN,GERMAN,GERMAN100,GERMAN100,1
bxQobRuhpgt6FXg3Y,uw.edu,seattle,AUTUMN,MUSEUM,MUSEUM,MUSEUM562,MUSEUM562,2
c43NviSAkaWtmRaGJ,uw.edu,seattle,AUTUMN,CHIN,CHIN,CHIN301,CHIN301,2
c6qNvvt4GH84QFhWB,uw.edu,seattle,AUTUMN,MATH,MATH,MATH534,MATH534,1
cBt5Y6LeExxe3EiWm,uw.edu,seattle,SUMMER,COM,COM,COM459,COM459,1
cCn8AXtacNzgHYNMJ,uw.edu,seattle,AUTUMN,ESS,ESS,ESS471,ESS471,1
cCqmscMnPdyWpcwRA,uw.edu,seattle,SUMMER,LING,LING,LING461,LING461,1
cEZwnopD68cNhSF52,uw.edu,seattle,AUTUMN,EDLPS,EDLPS,EDLPS596,EDLPS596,1
cMA5zvSS5BDL84C55,uw.edu,seattle,SUMMER,BIOL,BIOL,BIOL355,BIOL355,2
cRHNPog9evArbibJH,uw.edu,seattle,AUTUMN,SOC,SOC,SOC275,SOC275,1
cemPszBdYdMvvKuxX,uw.edu,seattle,AUTUMN,CHEME,CHEME,CHEME484,CHEME484,1
cfrrw785D9uzBJZyo,uw.edu,seattle,SUMMER,POLS,POLS,POLS304,POLS304,1
cibRGfrtXniEb4ewG,uw.edu,seattle,AUTUMN,MATH,MATH,MATH561,MATH561,1
cit5LvRQw5D6p3sjz,uw.edu,seattle,SUMMER,PHIL,PHIL,PHIL242,PHIL242,2
cokmELTgXZYNbPLPm,uw.edu,seattle,AUTUMN,ESRM,ESRM,ESRM428,ESRM428,1
crdyjNm7pR9cu2h37,uw.edu,seattle,AUTUMN,SOC,SOC,SOC362,SOC362,1
cxGu9zhNzywr3q48L,uw.edu,seattle,AUTUMN,HSTAA,HSTAA,HSTAA301,HSTAA301,1
d2sdnzW7PtsuZS33J,uw.edu,seattle,SUMMER,MATH,MATH,MATH300,MATH300,1
d2smLYnM2z4ikff6q,uw.edu,seattle,SUMMER,MATH,MATH,MATH340,MATH340,1
d4Hr6DBu3ysJEK3Dx,uw.edu,seattle,AUTUMN,MATH,MATH,MATH567,MATH567,1
d7s8oGQdzGTJ2FC8c,uw.edu,seattle,SUMMER,MICROM,MICROM,MICROM301,MICROM301,1
d8rgC4e6dN2eERQ75,uw.edu,seattle,SUMMER,ENVIR,ENVIR,ENVIR495,ENVIR495,3
d8tBoqRWtwmicSnjs,uw.edu,seattle,SUMMER,HSTAA,HSTAA,HSTAA490,HSTAA490,1
dDnA7KQL34CMjp4HR,uw.edu,seattle,SUMMER,SOC,SOC,SOC374,SOC374,1
dFCQ8kmW4oQeFRxQ8,uw.edu,seattle,AUTUMN,EDPSY,EDPSY,EDPSY575,EDPSY575,1
dHLpzKx2cbdit24Ha,uw.edu,seattle,AUTUMN,CSE,CSE,CSE521,CSE521,1
dNq5LMF6renGhtJra,uw.edu,seattle,SUMMER,BIOL,BIOL,BIOL317,BIOL317,1
dTkH7RydagDkvwZQi,uw.edu,seattle,SUMMER,CHEM,CHEM,CHEM110,CHEM110,1
dYkop9jwWNhCTxxcc,uw.edu,seattle,AUTUMN,RELIG,RELIG,RELIG490,RELIG490,1
dZseA9dBbBuvpRgL5,uw.edu,seattle,SUMMER,GREEK,GREEK,GREEK404,GREEK404,1
dcjjGkoDNfDg9im8s,uw.edu,seattle,SUMMER,SCAND,SCAND,SCAND330,SCAND330,1
deLyLFmHQSnRWwfhK,uw.edu,seattle,SUMMER,EE,EE,EE331,EE331,1
desg27oh7W3Wnuhjc,uw.edu,seattle,AUTUMN,ANTH,ANTH,ANTH532,ANTH532,1
df5kx4LdWyRtsSiaD,uw.edu,seattle,SUMMER,EDC&I,EDC&I,EDC&I505,EDC&I505,2
dgayFrfuxLNESNSBC,uw.edu,seattle,SUMMER,BIOL,BIOL,BIOL119,BIOL119,2
dhE9Ky5aNDyMnW5kq,uw.edu,seattle,AUTUMN,ENGL,ENGL,ENGL353,ENGL353,1
dhGbMCHrPjvsTfhdA,uw.edu,seattle,AUTUMN,LING,LING,LING432,LING432,1
dkjSo6tuSQrM6r8J5,uw.edu,seattle,AUTUMN,JSISA,JSISA,JSISA535,JSISA535,1
dpm7zw8KWZsMJbjq7,uw.edu,seattle,AUTUMN,ECON,ECON,ECON425,ECON425,1
dpqbRZmabuNrbEhNX,uw.edu,seattle,AUTUMN,JAPAN,JAPAN,JAPAN321,JAPAN321,1
dq9F5X9viShPHwefD,uw.edu,seattle,SUMMER,SOC,SOC,SOC221,SOC221,2
dqknWZ3yjB5f5NfgZ,uw.edu,seattle,AUTUMN,NUTR,NUTR,NUTR526,NUTR526,1
dtAkqEjyEhcG4mAnp,uw.edu,seattle,SUMMER,ME,ME,ME495,ME495,3
duQuNytpPsLpX2zBj,uw.edu,seattle,SUMMER,STAT,STAT,STAT311,STAT311,2
dvm6tQebQfwZSjDL5,uw.edu,seattle,AUTUMN,BIOL,BIOL,BIOL220,BIOL220,1
dw7vEewv2oAYcM9Ha,uw.edu,seattle,SUMMER,ME,ME,ME478,ME478,1
dwpZcwaK3SxzH2Gyb,uw.edu,seattle,AUTUMN,PSYCH,PSYCH,PSYCH449,PSYCH449,1
dwypPiHvCg6jq37eb,uw.edu,seattle,SUMMER,QSCI,QSCI,QSCI381,QSCI381,1
dxK9D4kzxx5MJ2G7u,uw.edu,seattle,AUTUMN,ACCTG,ACCTG,ACCTG527,ACCTG527,1
dzESBY63CfjkPocKL,uw.edu,seattle,SUMMER,EE,EE,EE215,EE215,1
dzcN9G3BWwKJfts4R,uw.edu,seattle,SUMMER,LAWB,LAWB,LAWB530,LAWB530,3
e2fWmJCgJFdZxMhDb,uw.edu,seattle,AUTUMN,FRENCH,FRENCH,FRENCH201,FRENCH201,3
e49sxYDP7H5z5X2v4,uw.edu,seattle,SUMMER,EDPSY,EDPSY,EDPSY491,EDPSY491,1
e6jRkFWCTCJdW8TMh,uw.edu,seattle,AUTUMN,ME,ME,ME599,ME599,2
eCkKBXzJHzrJZ4Kpd,uw.edu,seattle,SUMMER,ESL,ESL,ESL105,ESL105,1
eJWujCx4oCwWpajRW,uw.edu,seattle,AUTUMN,ITAL,ITAL,ITAL301,ITAL301,1
eL4rPbBWnETzdDpCi,uw.edu,seattle,SUMMER,ENGL,ENGL,ENGL346,ENGL346,1
eMevzukRSMAaYN4Jr,uw.edu,seattle,AUTUMN,AMATH,AMATH,AMATH512,AMATH512,1
eQaeCsPwqTFGCoGXA,uw.edu,seattle,AUTUMN,CHID,CHID,CHID495,CHID495,1
eQi7NecLD8QgjSYFF,uw.edu,seattle,SUMMER,CSE,CSE,CSE373,CSE373,1
eSka9F6RWN2cfdCQm,uw.edu,seattle,SUMMER,ARAB,ARAB,ARAB105,ARAB105,1
eaHTSi6idmWyXYGaH,uw.edu,seattle,AUTUMN,LAWB,LAWB,LAWB515,LAWB515,1
eb5pcM3eR7T5W3fa9,uw.edu,seattle,AUTUMN,GERMAN,GERMAN,GERMAN301,GERMAN301,1
ebai3tn66ph2mzTo3,uw.edu,seattle,AUTUMN,PHYS,PHYS,PHYS543,PHYS543,2
edzAFDiYYavarPbPr,uw.edu,seattle,AUTUMN,HCDE,HCDE,HCDE539,HCDE539,2
egmWQWCiyaADe87jG,uw.edu,seattle,SUMMER,LATIN,LATIN,LATIN300,LATIN300,1
ekQ8okG3Sceyts5Qw,uw.edu,seattle,AUTUMN,PUBPOL,PUBPOL,PUBPOL594,PUBPOL594,1
encS3kK2E2oFPoRc4,uw.edu,seattle,AUTUMN,DANCE,DANCE,DANCE550,DANCE550,1
enpkvbhmeoor3SvmC,uw.edu,seattle,AUTUMN,MGMT,MGMT,MGMT311,MGMT311,1
epfKfAXHmSyYtmF4R,uw.edu,seattle,SUMMER,PSYCH,PSYCH,PSYCH306,PSYCH306,1
esxsCFqki7k6hx2jL,uw.edu,seattle,AUTUMN,AA,AA,AA595,AA595,2
euca9c88Nrh2qQAFm,uw.edu,seattle,AUTUMN,ACCTG,ACCTG,ACCTG440,ACCTG440,1
euisFBWjS7F8z2pFv,uw.edu,seattle,AUTUMN,PHYS,PHYS,PHYS582,PHYS582,1
ewd3YzK5ngwjfJzPj,uw.edu,seattle,AUTUMN,GWSS,GWSS,GWSS345,GWSS345,1
ezT8Meue939KoyM9h,uw.edu,seattle,SUMMER,EE,EE,EE271,EE271,1
ezisPzkjqkNpCkFRr,uw.edu,seattle,SUMMER,PHYS,PHYS,PHYS114,PHYS114,1
f37k5r6pthQyADyHW,uw.edu,seattle,AUTUMN,BIOL,BIOL,BIOL180,BIOL180,2
f8Hj3bahwca3kxMJ4,uw.edu,seattle,SUMMER,HCDE,HCDE,HCDE598,HCDE598,1
f8RicacbWsn8t5Bwo,uw.edu,seattle,AUTUMN,ASTR,ASTR,ASTR322,ASTR322,1
f9dbnzYdvCcaAxrsG,uw.edu,seattle,AUTUMN,LAWB,LAWB,LAWB523,LAWB523,10
fEDYwbwmjnamE3ZBw,uw.edu,seattle,SUMMER,ACCTG,ACCTG,ACCTG321,ACCTG321,1
fER3qrnNgNezRZWzn,uw.edu,seattle,AUTUMN,COM,COM,COM270,COM270,1
fEfssCpDeSWRHpEfF,uw.edu,seattle,AUTUMN,SCAND,SCAND,SCAND505,SCAND505,1
fFjJqYNB2mc8FWvWC,uw.edu,seattle,AUTUMN,PSYCH,PSYCH,PSYCH209,PSYCH209,1
fH7H77Ry52p7TN7e5,uw.edu,seattle,AUTUMN,ACCTG,ACCTG,ACCTG219,ACCTG219,1
fJW6vozHpufCmH4g6,uw.edu,seattle,SUMMER,JSISA,JSISA,JSISA459,JSISA459,1
fLnj5q4C4KkCZQ4bN,uw.edu,seattle,AUTUMN,ATMS,ATMS,ATMS101,ATMS101,1
fPpeRcyzYqvMrkthj,uw.edu,seattle,AUTUMN,REHAB,REHAB,REHAB544,REHAB544,2
fQixy8ijBdBcSc5Hm,uw.edu,seattle,SUMMER,EDC&I,EDC&I,EDC&I494,EDC&I494,1
fRSWTnYJHaHvS8nBP,uw.edu,seattle,AUTUMN,SOC,SOC,SOC510,SOC510,1
fWnMgwRAoZxYdsjaQ,uw.edu,seattle,SUMMER,EE,EE,EE474,EE474,1
fYfgYYR9MRSmiF8SQ,uw.edu,seattle,SUMMER,MATH,MATH,MATH412,MATH412,1
fZyhjCRChsw2fAccQ,uw.edu,seattle,SUMMER,MATH,MATH,MATH445,MATH445,1
faaxgcnARABcswACf,uw.edu,seattle,SUMMER,JSISB,JSISB,JSISB332,JSISB332,1
fcec4Dh8dsMfNJB5k,uw.edu,seattle,SUMMER,JAPAN,JAPAN,JAPAN334,JAPAN334,1
fgFeKnBhsike2xor8,uw.edu,seattle,AUTUMN,LIS,LIS,LIS520,LIS520,1
fhQR3JBz9oXZ9sbsG,uw.edu,seattle,AUTUMN,CSE,CSE,CSE332,CSE332,1
foRtFiHwjeemmG5Ng,uw.edu,seattle,AUTUMN,CEE,CEE,CEE496,CEE496,1
fshMj74QMsRnpvQB3,uw.edu,seattle,AUTUMN,ATMS,ATMS,ATMS587,ATMS587,1
ftSrJRFvw6yNiyjpY,uw.edu,seattle,SUMMER,PHIL,PHIL,PHIL115,PHIL115,1
fw9PQEL59dWmr4ofE,uw.edu,seattle,AUTUMN,LAWA,LAWA,LAWA580,LAWA580,4
fwjvsbDxW7HRGTtQE,uw.edu,seattle,AUTUMN,ENVIR,ENVIR,ENVIR300,ENVIR300,1
fwp7JzCCu5JodTeev,uw.edu,seattle,AUTUMN,FINN,FINN,FINN101,FINN101,1
fyGG9dbZgJ8TKCJTy,uw.edu,seattle,SUMMER,LING,LING,LING100,LING100,1
fz72zoLyQidtLiRu3,uw.edu,seattle,AUTUMN,ENGL,ENGL,ENGL210,ENGL210,1
g4kprJTgFyWKBdhtn,uw.edu,seattle,AUTUMN,PHYS,PHYS,PHYS226,PHYS226,1
gC89dSw6gd7CWwqML,uw.edu,seattle,SUMMER,MGMT,MGMT,MGMT320,MGMT320,1
gDk9LbsQPHoDZhveA,uw.edu,seattle,SUMMER,EDSPE,EDSPE,EDSPE404,EDSPE404,1
gET7QWAcw3WntstpB,uw.edu,seattle,AUTUMN,ENGL,ENGL,ENGL354,ENGL354,1
gFYgyWtxHxnFFh3R4,uw.edu,seattle,SUMMER,ARTH,ARTH,ARTH361,ARTH361,1
gKywLwSdRDrcaoe2r,uw.edu,seattle,SUMMER,ENTRE,ENTRE,ENTRE557,ENTRE557,2
gL7jWNYwHoDftx3jQ,uw.edu,seattle,AUTUMN,SPAN,SPAN,SPAN203,SPAN203,3
gMyqFjq9T5Td2NZXh,uw.edu,seattle,AUTUMN,ME,ME,ME564,ME564,3
gN5t7MFhts5zd7CgM,uw.edu,seattle,AUTUMN,LAWA,LAWA,LAWA574,LAWA574,6
gWiAyvdqipJqd4Jjw,uw.edu,seattle,AUTUMN,RUSS,RUSS,RUSS420,RUSS420,1
gXANWEhSh2geBjnZt,uw.edu,seattle,AUTUMN,HSTEU,HSTEU,HSTEU274,HSTEU274,1
gaSsxCKnwF356Q3PG,uw.edu,seattle,SUMMER,ME,ME,ME331,ME331,1
gapKuJnHhv63RbZjz,uw.edu,seattle,AUTUMN,CHEM,CHEM,CHEM162,CHEM162,2
gb9FRwX2JKQz7w5en,uw.edu,seattle,AUTUMN,ACCTG,ACCTG,ACCTG301,ACCTG301,3
gdJ8aKowGMSXCEYzc,uw.edu,seattle,AUTUMN,JSISA,JSISA,JSISA478,JSISA478,1
ggzGXFueJMRNqf7Xg,uw.edu,seattle,AUTUMN,IS,IS,IS410,IS410,1
gjY8cG3tmEtbu6PEu,uw.edu,seattle,SUMMER,JSISA,JSISA,JSISA402,JSISA402,1
gjcfFMe6tBjWQoeCj,uw.edu,seattle,AUTUMN,ENGL,ENGL,ENGL200,ENGL200,1
gk3abHBush8j2Jyby,uw.edu,seattle,SUMMER,ACCTG,ACCTG,ACCTG579,ACCTG579,2
gkJHSwoC6Hd7h4L36,uw.edu,seattle,AUTUMN,QSCI,QSCI,QSCI381,QSCI381,2
gpkn2NffKvCrcZnuE,uw.edu,seattle,AUTUMN,VIET,VIET,VIET111,VIET111,1
grPePXWhyEzCeKgen,uw.edu,seattle,SUMMER,CHEM,CHEM,CHEM456,CHEM456,1
gs3oyi2rxt992yxyA,uw.edu,seattle,SUMMER,BIOL,BIOL,BIOL220,BIOL220,2
gxsRj4LhAXZhZjvJa,uw.edu,seattle,AUTUMN,PHYS,PHYS,PHYS410,PHYS410,1
h3viHRzaDKLC6EX8L,uw.edu,seattle,SUMMER,CHEM,CHEM,CHEM142,CHEM142,1
h3yTZEDRjgWnwp9q8,uw.edu,seattle,SUMMER,HSTAA,HSTAA,HSTAA432,HSTAA432,1
h4D6urbwHsSkLb25q,uw.edu,seattle,SUMMER,ARTH,ARTH,ARTH203,ARTH203,1
h8upfBTurFfkwWw32,uw.edu,seattle,AUTUMN,ENTRE,ENTRE,ENTRE561,ENTRE561,1
hBCpngxrQSmHq4Fp6,uw.edu,seattle,AUTUMN,CSE,CSE,CSE421,CSE421,1
hGnkZGabsGrJqwhLR,uw.edu,seattle,AUTUMN,ME,ME,ME478,ME478,1
hHGzgx5zB3Kpg8bgt,uw.edu,seattle,SUMMER,FRENCH,FRENCH,FRENCH301,FRENCH301,1
hHpSHjyLN93MaNcui,uw.edu,seattle,SUMMER,PHYS,PHYS,PHYS324,PHYS324,1
hKdk8dpjAT6zgD7qp,uw.edu,seattle,SUMMER,COM,COM,COM301,COM301,2
hKsHP8tnZQjKo5a4N,uw.edu,seattle,AUTUMN,EPI,EPI,EPI536,EPI536,1
hLf4uEyZTi3TJzZ7Q,uw.edu,seattle,AUTUMN,REHAB,REHAB,REHAB541,REHAB541,6
hPMTyX2rXYqqGYjwb,uw.edu,seattle,SUMMER,REHAB,REHAB,REHAB515,REHAB515,1
hRqGrS89swJkbat5u,uw.edu,seattle,AUTUMN,PSYCH,PSYCH,PSYCH334,PSYCH334,1
hSh7HQJyTvGNKyfa7,uw.edu,seattle,AUTUMN,ECON,ECON,ECON400,ECON400,1
hXP3vXfWbRQNJPXzP,uw.edu,seattle,SUMMER,MATH,MATH,MATH328,MATH328,2
hcxK3gPRmXebrzenW,uw.edu,seattle,AUTUMN,NURS,NURS,NURS304,NURS304,1
heEe6pgvBBFDPEdeq,uw.edu,seattle,SUMMER,SPAN,SPAN,SPAN301,SPAN301,1
heXBCL8Ttb7H4eJwg,uw.edu,seattle,SUMMER,CHEM,CHEM,CHEM162,CHEM162,1
hgJENeyaoBmi5pSCf,uw.edu,seattle,AUTUMN,RUSS,RUSS,RUSS301,RUSS301,1
hgKT3PRapfKA8q7hy,uw.edu,seattle,AUTUMN,INDE,INDE,INDE595,INDE595,2
hh2fKfwvXq6BmtGNJ,uw.edu,seattle,SUMMER,HSTAA,HSTAA,HSTAA301,HSTAA301,1
hmH2bHr7wnpBauwxb,uw.edu,seattle,AUTUMN,LING,LING,LING200,LING200,1
hpKmZYxty9wirSgjh,uw.edu,seattle,AUTUMN,LATIN,LATIN,LATIN305,LATIN305,1
ht6e3rKGnYKudascK,uw.edu,seattle,AUTUMN,JSISA,JSISA,JSISA578,JSISA578,1
htBYMYegmf5E924Jj,uw.edu,seattle,SUMMER,REHAB,REHAB,REHAB580,REHAB580,1
hufZzmNi9tgQGJ2zr,uw.edu,seattle,SUMMER,PSYCH,PSYCH,PSYCH101,PSYCH101,1
i3zhwWhEaoLSGPziY,uw.edu,seattle,AUTUMN,ME,ME,ME556,ME556,3
i64xk2sega4NDLq7R,uw.edu,seattle,AUTUMN,CEE,CEE,CEE551,CEE551,2
i6rfE6wL7pwnjBs3r,uw.edu,seattle,SUMMER,NEARE,NEARE,NEARE268,NEARE268,1
i7KXCoC98MehzmToW,uw.edu,seattle,AUTUMN,CHID,CHID,CHID250,CHID250,2
i8i7JJGNo94Di4bD3,uw.edu,seattle,SUMMER,PHYS,PHYS,PHYS121,PHYS121,1
i9drd9YuxPNTNekRQ,uw.edu,seattle,AUTUMN,ENGL,ENGL,ENGL309,ENGL309,1
iAesAe5wkwCzHhvo6,uw.edu,seattle,AUTUMN,SPAN,SPAN,SPAN306,SPAN306,1
iAsq2voNsqKtHFmqp,uw.edu,seattle,AUTUMN,BIOL,BIOL,BIOL482,BIOL482,1
iDfbeMDM5T6XqgjZE,uw.edu,seattle,SUMMER,SOC,SOC,SOC270,SOC270,1
iDjjGS5Y4A256etas,uw.edu,seattle,SUMMER,ENGL,ENGL,ENGL111,ENGL111,3
iHsfo5p3jZ7SFZNv3,uw.edu,seattle,AUTUMN,HSTAA,HSTAA,HSTAA465,HSTAA465,1
iKoi4LQrrmC92gYRf,uw.edu,seattle,AUTUMN,PHYS,PHYS,PHYS411,PHYS411,1
iMST3TKPZoWu2huLa,uw.edu,seattle,AUTUMN,DANISH,DANISH,DANISH201,DANISH201,1
iXKr5BDJptus96XC4,uw.edu,seattle,AUTUMN,QSCI,QSCI,QSCI291,QSCI291,1
ieaK9CZ9e6W9985WY,uw.edu,seattle,AUTUMN,ESS,ESS,ESS102,ESS102,2
ifNc4muDTesCgkfaK,uw.edu,seattle,AUTUMN,PHYS,PHYS,PHYS513,PHYS513,1
ifpoDSHj379juoa42,uw.edu,seattle,SUMMER,EE,EE,EE341,EE341,1
igezRhp9y2nojQ98i,uw.edu,seattle,AUTUMN,ACCTG,ACCTG,ACCTG302,ACCTG302,1
ih44pxDjJuWnyypmY,uw.edu,seattle,AUTUMN,ECON,ECON,ECON485,ECON485,1
im6t2sM23cmYdPtgD,uw.edu,seattle,SUMMER,HSTCMP,HSTCMP,HSTCMP205,HSTCMP205,1
ioWmZRYuuyFXszr45,uw.edu,seattle,SUMMER,EDC&I,EDC&I,EDC&I561,EDC&I561,1
iuMCuCjyr9xKourPT,uw.edu,seattle,AUTUMN,LATIN,LATIN,LATIN520,LATIN520,1
iw9SLtgiZwCJNkYsX,uw.edu,seattle,SUMMER,LSJ,LSJ,LSJ476,LSJ476,1
izcpJN3WgHRNQgW3i,uw.edu,seattle,AUTUMN,HSTRY,HSTRY,HSTRY494,HSTRY494,1
j44hWYzbN9D2SaWPK,uw.edu,seattle,AUTUMN,REHAB,REHAB,REHAB522,REHAB522,1
jBYGus8e8BYF6YL9E,uw.edu,seattle,AUTUMN,SCAND,SCAND,SCAND445,SCAND445,1
jCw9F2eonskje5PpF,uw.edu,seattle,SUMMER,PSYCH,PSYCH,PSYCH322,PSYCH322,1
jFndoCoqoYwdaHtMa,uw.edu,seattle,AUTUMN,MATH,MATH,MATH120,MATH120,3
jGamNhLxLPpFxYRTv,uw.edu,seattle,SUMMER,COM,COM,COM270,COM270,3
jK8EBvXe2GGJNEfmp,uw.edu,seattle,AUTUMN,FRENCH,FRENCH,FRENCH203,FRENCH203,2
jNfEKwdMzZi4kcfqs,uw.edu,seattle,AUTUMN,QMETH,QMETH,QMETH501,QMETH501,4
jPMmY6qMa3YFBjXNr,uw.edu,seattle,AUTUMN,BIOL,BIOL,BIOL355,BIOL355,2
jPh5rkRa59WeroSKg,uw.edu,seattle,SUMMER,ANTH,ANTH,ANTH432,ANTH432,1
jWm7fzg7EczFTDyvc,uw.edu,seattle,SUMMER,ENVIR,ENVIR,ENVIR235,ENVIR235,1
jXmYzsL3ecCQy5Pvg,uw.edu,seattle,SUMMER,ENGL,ENGL,ENGL370,ENGL370,1
jdqLPmS9u2rwfaAvM,uw.edu,seattle,AUTUMN,ENTRE,ENTRE,ENTRE575,ENTRE575,1
jgPYLszF8eEcXKDgv,uw.edu,seattle,SUMMER,C LIT,C LIT,C LIT240,C LIT240,1
jhHpNzrkTZx4ESMtr,uw.edu,seattle,AUTUMN,SNKRT,SNKRT,SNKRT511,SNKRT511,1
jkxsur7dJrxuhaGzM,uw.edu,seattle,SUMMER,ECON,ECON,ECON485,ECON485,1
joAGQeZMEsGoQ2XnB,uw.edu,seattle,SUMMER,MATH,MATH,MATH125,MATH125,5
jp5NqHoGJDAGSktEQ,uw.edu,seattle,SUMMER,JSISB,JSISB,JSISB335,JSISB335,1
jshKjJHzRYMNzLm6i,uw.edu,seattle,AUTUMN,EDC&I,EDC&I,EDC&I474,EDC&I474,1
jtKKq4tk8258a5Nei,uw.edu,seattle,SUMMER,MODHEB,MODHEB,MODHEB515,MODHEB515,1
juhZa8DmSMeBSAxsR,uw.edu,seattle,SUMMER,PHYS,PHYS,PHYS334,PHYS334,1
juirPCnwXG2Wqyfr5,uw.edu,seattle,SUMMER,JSISA,JSISA,JSISA315,JSISA315,1
jwtimRiSt3uJRoDpJ,uw.edu,seattle,SUMMER,ENGL,ENGL,ENGL422,ENGL422,1
jxbk2PpY4fpQMkHZi,uw.edu,seattle,SUMMER,ME,ME,ME123,ME123,2
jysA4wpNW5mAQsAkX,uw.edu,seattle,AUTUMN,IS,IS,IS300,IS300,4
jztMdHyZFJKefSNZz,uw.edu,seattle,AUTUMN,MATH,MATH,MATH327,MATH327,2
k5GSbgFJ5NnAg9h9t,uw.edu,seattle,AUTUMN,OPMGT,OPMGT,OPMGT579,OPMGT579,4
k8xXqPAW7CEjBJkXZ,uw.edu,seattle,SUMMER,PHYS,PHYS,PHYS117,PHYS117,4
kA5xKyMbk5F9azcux,uw.edu,seattle,AUTUMN,ARCH,ARCH,ARCH150,ARCH150,2
kG8oAfw8yzc45oShG,uw.edu,seattle,SUMMER,EDTEP,EDTEP,EDTEP551,EDTEP551,2
kLBGDD3DTK9C8dPvY,uw.edu,seattle,AUTUMN,CHEM,CHEM,CHEM434,CHEM434,1
kThj9Pf3vqXWNXxzn,uw.edu,seattle,AUTUMN,CEE,CEE,CEE599,CEE599,4
kYH5EYvfvPkTrzryc,uw.edu,seattle,AUTUMN,SCAND,SCAND,SCAND330,SCAND330,1
kaeSiY5GmymkWXYAE,uw.edu,seattle,SUMMER,CHEM,CHEM,CHEM237,CHEM237,1
kbK9heZnEvBir8nDH,uw.edu,seattle,AUTUMN,OPMGT,OPMGT,OPMGT301,OPMGT301,2
kcKjxJuLhfhuTYdgb,uw.edu,seattle,AUTUMN,CHEME,CHEME,CHEME497,CHEME497,1
khWt3skH3vWLsDHd3,uw.edu,seattle,SUMMER,ACCTG,ACCTG,ACCTG219,ACCTG219,1
kjao9jXG8rz7ExSoj,uw.edu,seattle,AUTUMN,STAT,STAT,STAT394,STAT394,1
kjtNYHkJzn323LZmd,uw.edu,seattle,AUTUMN,ESRM,ESRM,ESRM490,ESRM490,1
kjvmq7MyLtanm7Gug,uw.edu,seattle,AUTUMN,CS&SS,CS&SS,CS&SS536,CS&SS536,2
kqXs5T67k77o7acQX,uw.edu,seattle,AUTUMN,TAGLG,TAGLG,TAGLG101,TAGLG101,2
krpRbjnPBr32R9c3u,uw.edu,seattle,AUTUMN,CEE,CEE,CEE483,CEE483,2
ksRG8ZwpDGuzMeqQX,uw.edu,seattle,AUTUMN,ENGL,ENGL,ENGL324,ENGL324,1
kwFKPcdw5nkrM9a2n,uw.edu,seattle,AUTUMN,IS,IS,IS445,IS445,1
ky6TZbt93P53jnnNu,uw.edu,seattle,AUTUMN,CHEM,CHEM,CHEM462,CHEM462,1
m8bRNsRBPBaG9Z5nG,uw.edu,seattle,AUTUMN,CHEM,CHEM,CHEM142,CHEM142,4
mBjqbRksqCJixbfcT,uw.edu,seattle,SUMMER,CHEM,CHEM,CHEM321,CHEM321,1
mDXJioJizZGgtWivk,uw.edu,seattle,AUTUMN,MKTG,MKTG,MKTG335,MKTG335,2
mHWBPXyQnz696GXxs,uw.edu,seattle,AUTUMN,CHIN,CHIN,CHIN111,CHIN111,1
mKfBcNhBb6NKpj7Rn,uw.edu,seattle,SUMMER,DPHS,DPHS,DPHS550,DPHS550,2
mLSSmDHsYZ7HSFpWa,uw.edu,seattle,AUTUMN,FRENCH,FRENCH,FRENCH103,FRENCH103,2
mSs2B7vEaEcxdMdoB,uw.edu,seattle,SUMMER,ACCTG,ACCTG,ACCTG411,ACCTG411,1
mTDpX8qWTTCKcYdsE,uw.edu,seattle,AUTUMN,SLAVIC,SLAVIC,SLAVIC490,SLAVIC490,1
mb82fNenY68MbDWbW,uw.edu,seattle,AUTUMN,ITAL,ITAL,ITAL262,ITAL262,1
mhoz2Mgku93gQTGsu,uw.edu,seattle,AUTUMN,ANTH,ANTH,ANTH313,ANTH313,1
miYonKAxd4CgeAQzo,uw.edu,seattle,AUTUMN,ACCTG,ACCTG,ACCTG471,ACCTG471,1
mioyx9ZLXC5eBk4zz,uw.edu,seattle,AUTUMN,DANCE,DANCE,DANCE350,DANCE350,1
miyubyJqinr62t6CL,uw.edu,seattle,AUTUMN,BIOC,BIOC,BIOC450,BIOC450,1
mmXhkc4a9AgNMSSWg,uw.edu,seattle,SUMMER,AFRAM,AFRAM,AFRAM150,AFRAM150,1
moDACCbPXD9XFpb83,uw.edu,seattle,AUTUMN,FRENCH,FRENCH,FRENCH301,FRENCH301,2
mp4Yc78GhYu2zo9Fy,uw.edu,seattle,AUTUMN,CSE,CSE,CSE344,CSE344,1
mta9QSwXu8s2PvSsn,uw.edu,seattle,AUTUMN,IMMUN,IMMUN,IMMUN441,IMMUN441,1
mvW3BDB2xYy6CDeXm,uw.edu,seattle,AUTUMN,CSE,CSE,CSE351,CSE351,2
mwLuqhxe5yvQh7uzA,uw.edu,seattle,SUMMER,COM,COM,COM444,COM444,1
n3Ty9SQXmYCzYnTwv,uw.edu,seattle,AUTUMN,ENGL,ENGL,ENGL430,ENGL430,1
n7ZN9EmqDdj9K6phN,uw.edu,seattle,AUTUMN,ASL,ASL,ASL101,ASL101,4
nGASxXaBmwjPhTW2F,uw.edu,seattle,SUMMER,PHIL,PHIL,PHIL100,PHIL100,1
nNFr8fC7DG6j2LLPi,uw.edu,seattle,SUMMER,POLS,POLS,POLS461,POLS461,1
nQPruvngYmtqzi5XK,uw.edu,seattle,SUMMER,SOCW,SOCW,SOCW573,SOCW573,1
nRTBPunD2kTCM8kNk,uw.edu,seattle,AUTUMN,ATMS,ATMS,ATMS490,ATMS490,1
nSMTL2yZKKz73R7f8,uw.edu,seattle,AUTUMN,CHEM,CHEM,CHEM529,CHEM529,1
nSsh5CqT7oY2Zjgsh,uw.edu,seattle,SUMMER,MUSIC,MUSIC,MUSIC120,MUSIC120,1
nYwLFHYs8KXPYdotf,uw.edu,seattle,AUTUMN,MATH,MATH,MATH324,MATH324,9
nfnNNhsj4YKW6ETBs,uw.edu,seattle,AUTUMN,ENGL,ENGL,ENGL310,ENGL310,1
nhxLjEiuLFtQfkrTF,uw.edu,seattle,SUMMER,HSTAM,HSTAM,HSTAM205,HSTAM205,1
niL5Ai7FjAhxuLRRf,uw.edu,seattle,SUMMER,COM,COM,COM238,COM238,1
njmHE3HXM5gb7omoP,uw.edu,seattle,SUMMER,ENGL,ENGL,ENGL242,ENGL242,3
nm5Xs53fdcN76Ag3c,uw.edu,seattle,SUMMER,MGMT,MGMT,MGMT579,MGMT579,2
nnwk8C5rpXtnQPBjN,uw.edu,seattle,AUTUMN,SPAN,SPAN,SPAN321,SPAN321,1
nqnWmwLsn7kBuGC8T,uw.edu,seattle,AUTUMN,PUBPOL,PUBPOL,PUBPOL516,PUBPOL516,3
nwFg9uCmfdmdjkxhS,uw.edu,seattle,AUTUMN,ME,ME,ME471,ME471,1
nwtZAMY5xof62j2kx,uw.edu,seattle,SUMMER,JSISB,JSISB,JSISB406,JSISB406,1
o4wP6RH9cGZxJa8tu,uw.edu,seattle,AUTUMN,CEE,CEE,CEE349,CEE349,1
o6GZsiqmqmvMbGmh6,uw.edu,seattle,SUMMER,LABM,LABM,LABM419,LABM419,1
o7arAynMa8CqxpDYb,uw.edu,seattle,AUTUMN,LAWA,LAWA,LAWA509,LAWA509,2
o8fQDdqDsK9W9uDTg,uw.edu,seattle,AUTUMN,MATH,MATH,MATH125,MATH125,7
oB4fTDopwmCm8s4z6,uw.edu,seattle,AUTUMN,CHEME,CHEME,CHEME435,CHEME435,1
oBWXr7yKPiGbTcunu,uw.edu,seattle,SUMMER,LAWB,LAWB,LAWB560,LAWB560,2
oCEGaAEe4cXrj664w,uw.edu,seattle,AUTUMN,PHIL,PHIL,PHIL240,PHIL240,1
oDTgXhviydDX82E4J,uw.edu,seattle,AUTUMN,ANTH,ANTH,ANTH215,ANTH215,1
oDtypXvx9Gbjw4B24,uw.edu,seattle,AUTUMN,PHIL,PHIL,PHIL440,PHIL440,1
oFenSu3g4kkAXEzJ3,uw.edu,seattle,AUTUMN,ENGL,ENGL,ENGL344,ENGL344,1
oJAszdTqBafTc7xGu,uw.edu,seattle,AUTUMN,ASL,ASL,ASL201,ASL201,1
oJxtLjPojaZGKQpJG,uw.edu,seattle,AUTUMN,CHSTU,CHSTU,CHSTU255,CHSTU255,1
oRgD5JzZ9R7p42ac2,uw.edu,seattle,SUMMER,FIN,FIN,FIN557,FIN557,2
oT4byXxtmDbvvLgCJ,uw.edu,seattle,AUTUMN,CHEM,CHEM,CHEM560,CHEM560,1
oZHkNpc7DEf99Tqgc,uw.edu,seattle,AUTUMN,HSTRY,HSTRY,HSTRY498,HSTRY498,3
og8DxpaBXxwx4DnAE,uw.edu,seattle,AUTUMN,PHYS,PHYS,PHYS517,PHYS517,1
ogDPq8M3aeLc2BCGg,uw.edu,seattle,AUTUMN,MEDSCI,MEDSCI,MEDSCI570,MEDSCI570,1
okWAQrkaXzq4QHKxL,uw.edu,seattle,AUTUMN,RUSS,RUSS,RUSS201,RUSS201,1
okkCifTkwesZzw63L,uw.edu,seattle,SUMMER,BIOL,BIOL,BIOL313,BIOL313,1
oqtbpKEunpwYMarJQ,uw.edu,seattle,AUTUMN,CEE,CEE,CEE540,CEE540,2
orGrQBAQzmei4e9LB,uw.edu,seattle,AUTUMN,SPAN,SPAN,SPAN461,SPAN461,1
osNJCi4QzgsrwGErP,uw.edu,seattle,SUMMER,PSYCH,PSYCH,PSYCH202,PSYCH202,1
oy49HzFB2GNZzhQua,uw.edu,seattle,AUTUMN,SCAND,SCAND,SCAND367,SCAND367,1
oy5uNYEvxqe9hcpHW,uw.edu,seattle,AUTUMN,EDSPE,EDSPE,EDSPE414,EDSPE414,1
p5mQYLtPfYXZ6jWZj,uw.edu,seattle,SUMMER,HSTAA,HSTAA,HSTAA150,HSTAA150,1
p5wEdByuFo3SstkqP,uw.edu,seattle,SUMMER,LSJ,LSJ,LSJ366,LSJ366,1
p69Eu7q28ingtFWBJ,uw.edu,seattle,SUMMER,PHYS,PHYS,PHYS225,PHYS225,1
p7BYvrLrJncgrMvye,uw.edu,seattle,AUTUMN,ESRM,ESRM,ESRM150,ESRM150,1
p9BzaGQZuHeJDFcEL,uw.edu,seattle,SUMMER,SPHSC,SPHSC,SPHSC371,SPHSC371,2
p9h9qWHwXYw9qH9ar,uw.edu,seattle,AUTUMN,DRAMA,DRAMA,DRAMA372,DRAMA372,1
pBiwp4RQuHWRrpbky,uw.edu,seattle,AUTUMN,ENVIR,ENVIR,ENVIR495,ENVIR495,1
pCGErXSRqujLXBsn3,uw.edu,seattle,AUTUMN,CHIN,CHIN,CHIN442,CHIN442,1
pFx9t9qau8d9eHaQp,uw.edu,seattle,AUTUMN,ATMS,ATMS,ATMS290,ATMS290,1
pGHDMvnhuCF3XcyLg,uw.edu,seattle,AUTUMN,POLSH,POLSH,POLSH401,POLSH401,1
pJ4sgMTkfSbxRWKj4,uw.edu,seattle,AUTUMN,ESS,ESS,ESS403,ESS403,1
pKbFtyGr6LEiE3q7Q,uw.edu,seattle,AUTUMN,ENGL,ENGL,ENGL204,ENGL204,1
pLfGWeZQzxJrcvhC3,uw.edu,seattle,AUTUMN,PORT,PORT,PORT202,PORT202,1
pLkc8opYdbPqhFctX,uw.edu,seattle,AUTUMN,ENGL,ENGL,ENGL321,ENGL321,1
pMMiJRgirBD6kgErZ,uw.edu,seattle,AUTUMN,AMATH,AMATH,AMATH584,AMATH584,2
pMuZzx5kzv6YkC7GP,uw.edu,seattle,AUTUMN,HSTEU,HSTEU,HSTEU234,HSTEU234,1
pNSXazBES5ZGTwkiG,uw.edu,seattle,AUTUMN,BIOL,BIOL,BIOL465,BIOL465,1
pR9ASePmpT6iM6epj,uw.edu,seattle,SUMMER,BIOL,BIOL,BIOL485,BIOL485,2
pSYhEuwQR7JyhFWds,uw.edu,seattle,AUTUMN,HSTAA,HSTAA,HSTAA231,HSTAA231,1
pWHG6DNbZvWYvF2ct,uw.edu,seattle,SUMMER,ANTH,ANTH,ANTH209,ANTH209,1
pazmGhDsFs95gLrMs,uw.edu,seattle,AUTUMN,GERMAN,GERMAN,GERMAN111,GERMAN111,2
pcdaEb3wdq6XX2Sxn,uw.edu,seattle,AUTUMN,PHYS,PHYS,PHYS570,PHYS570,1
pgryWbfD3JKFnNAkY,uw.edu,seattle,AUTUMN,SWA,SWA,SWA201,SWA201,1
pj5nNp9b2NtCD373g,uw.edu,seattle,AUTUMN,HSTCMP,HSTCMP,HSTCMP259,HSTCMP259,1
pkgthBMHyXmPKWdb5,uw.edu,seattle,AUTUMN,SPAN,SPAN,SPAN510,SPAN510,1
prQyGJKPwzYxb6E8D,uw.edu,seattle,AUTUMN,PHYS,PHYS,PHYS576,PHYS576,3
pt3HxLMrbn6Mw6M5K,uw.edu,seattle,AUTUMN,ESRM,ESRM,ESRM362,ESRM362,1
puhrYu7yPSEzswaiK,uw.edu,seattle,SUMMER,ACCTG,ACCTG,ACCTG311,ACCTG311,1
pvXqQS4r58f9ZmJCB,uw.edu,seattle,AUTUMN,CEE,CEE,CEE543,CEE543,2
py4E9QZHbAJEyeJcD,uw.edu,seattle,AUTUMN,CSE,CSE,CSE473,CSE473,1
py5kQxY796hsRiWZ5,uw.edu,seattle,AUTUMN,HSTAS,HSTAS,HSTAS327,HSTAS327,1
pyTSayTrRubEdNtJd,uw.edu,seattle,SUMMER,LAWB,LAWB,LAWB535,LAWB535,2
q22X4RA5MnWaCE7HY,uw.edu,seattle,SUMMER,GREEK,GREEK,GREEK301,GREEK301,1
q56r9YsFRpZgfBn8M,uw.edu,seattle,AUTUMN,MATH,MATH,MATH334,MATH334,1
q77hFm2NoeEzTXNbr,uw.edu,seattle,SUMMER,SPAN,SPAN,SPAN103,SPAN103,2
q85eiPEtKuRx57Gv7,uw.edu,seattle,SUMMER,POLS,POLS,POLS204,POLS204,1
q9P3dJsQjZ4ibEive,uw.edu,seattle,SUMMER,BIOL,BIOL,BIOL356,BIOL356,1
q9uXABku2DSQErjMF,uw.edu,seattle,AUTUMN,POLS,POLS,POLS586,POLS586,1
qAvCSX34z4v7JdWae,uw.edu,seattle,AUTUMN,SPAN,SPAN,SPAN201,SPAN201,4
qBa5E88DNqSA5jKoL,uw.edu,seattle,AUTUMN,NUTR,NUTR,NUTR563,NUTR563,1
qCBKkQSu3DXyDZSsn,uw.edu,seattle,SUMMER,ANTH,ANTH,ANTH210,ANTH210,1
qMQifdfE2yfHHCxD9,uw.edu,seattle,SUMMER,EDC&I,EDC&I,EDC&I526,EDC&I526,1
qQ5FnBTB6wxTMAuLH,uw.edu,seattle,AUTUMN,EARLY,EARLY,EARLYENGL281,EARLYENGL281,1
qWPgoueHYgyXEqR4p,uw.edu,seattle,AUTUMN,CHEME,CHEME,CHEME455,CHEME455,1
qZuBA4uu8yvviSLqp,uw.edu,seattle,SUMMER,NEARE,NEARE,NEARE266,NEARE266,1
qdwA9tqmJg2PqEfMn,uw.edu,seattle,SUMMER,SCM,SCM,SCM512,SCM512,1
qeAECgqzTC9YDsCcn,uw.edu,seattle,AUTUMN,MGMT,MGMT,MGMT500,MGMT500,4
qeiEXwZMfodbTm5Sf,uw.edu,seattle,SUMMER,LABM,LABM,LABM420,LABM420,1
qfstk8zy8wSbq3LML,uw.edu,seattle,AUTUMN,IMMUN,IMMUN,IMMUN537,IMMUN537,1
qi8zjDwGygJ3fwFEv,uw.edu,seattle,AUTUMN,CHEM,CHEM,CHEM223,CHEM223,1
qiLzj6vNmAwSsWgTm,uw.edu,seattle,AUTUMN,PHIL,PHIL,PHIL360,PHIL360,1
qjhXd3urwgeoXufgE,uw.edu,seattle,AUTUMN,LIS,LIS,LIS522,LIS522,1
qoLQaHrGLHHMMX6kK,uw.edu,seattle,AUTUMN,ME,ME,ME561,ME561,3
qpY2gMnmhwvxsMLxD,uw.edu,seattle,AUTUMN,HSTRY,HSTRY,HSTRY388,HSTRY388,1
qqTGB322psB577kzj,uw.edu,seattle,AUTUMN,LAWA,LAWA,LAWA599,LAWA599,3
qu49JDRbts87wy8PW,uw.edu,seattle,AUTUMN,AFRAM,AFRAM,AFRAM272,AFRAM272,1
qyuz5zagFgJTdPYJZ,uw.edu,seattle,SUMMER,LING,LING,LING233,LING233,1
r7FA8qWLK224MGcem,uw.edu,seattle,AUTUMN,JSIS,JSIS,JSIS578,JSIS578,1
r7cz5NfKtvoxiYz39,uw.edu,seattle,AUTUMN,JSISA,JSISA,JSISA441,JSISA441,1
r9Mua9zsk97ymYL4L,uw.edu,seattle,AUTUMN,CHEM,CHEM,CHEM242,CHEM242,1
rAj8K9zq5ihzZEhBz,uw.edu,seattle,SUMMER,PHIL,PHIL,PHIL160,PHIL160,1
rD3cgfRJ6Q8uLQjEx,uw.edu,seattle,SUMMER,ITAL,ITAL,ITAL234,ITAL234,1
rDcCuqojowGt92zKC,uw.edu,seattle,AUTUMN,MATH,MATH,MATH544,MATH544,1
rHCagTxuNxZZgQkjw,uw.edu,seattle,SUMMER,MUSIC,MUSIC,MUSIC122,MUSIC122,1
rLGJ2LPNbgTdWB64R,uw.edu,seattle,SUMMER,SCM,SCM,SCM501,SCM501,1
rPg3WxyEhK4KJhcST,uw.edu,seattle,SUMMER,CHIN,CHIN,CHIN234,CHIN234,1
raNuihnZi3qhgmZw7,uw.edu,seattle,AUTUMN,CHIN,CHIN,CHIN342,CHIN342,1
rbeRdbX3YNkGqKWBY,uw.edu,seattle,SUMMER,PCE,PCE,PCE158933,PCE158933,1
rcavQQtpPPahxKHBK,uw.edu,seattle,AUTUMN,ATMS,ATMS,ATMS211,ATMS211,1
rkvA6ogQEWi5pmeuW,uw.edu,seattle,AUTUMN,JSISB,JSISB,JSISB524,JSISB524,1
rmZgxeZaJAXtcdNpT,uw.edu,seattle,AUTUMN,ECON,ECON,ECON591,ECON591,1
rp88bfxRNQTzajFcR,uw.edu,seattle,AUTUMN,LAWA,LAWA,LAWA519,LAWA519,3
rpcbnwwJbjzDHWYvC,uw.edu,seattle,AUTUMN,QMETH,QMETH,QMETH450,QMETH450,1
rqKmwRti9gGxuf4CZ,uw.edu,seattle,AUTUMN,HSTAS,HSTAS,HSTAS490,HSTAS490,2
rvQvqXb3FTAgMWNLC,uw.edu,seattle,AUTUMN,ECON,ECON,ECON496,ECON496,1
rwP39gECnJWCgHzur,uw.edu,seattle,AUTUMN,CEE,CEE,CEE462,CEE462,2
rxvnCGoPkTZtWqkdg,uw.edu,seattle,AUTUMN,ESS,ESS,ESS314,ESS314,1
ry8cYxrCtQyw3gWnh,uw.edu,seattle,AUTUMN,CEE,CEE,CEE476,CEE476,1
s38oXZRYfo89jmyYN,uw.edu,seattle,AUTUMN,PHIL,PHIL,PHIL483,PHIL483,1
s3DhSfxQ4Y2DBXFQe,uw.edu,seattle,AUTUMN,BIOST,BIOST,BIOST536,BIOST536,1
s5YhtFo46oXEGtdzG,uw.edu,seattle,AUTUMN,ENGL,ENGL,ENGL532,ENGL532,1
s6NRMogbDheBwWjGK,uw.edu,seattle,AUTUMN,ME,ME,ME480,ME480,1
s6mBqkNbphoazMGSh,uw.edu,seattle,AUTUMN,HSMGMT,HSMGMT,HSMGMT579,HSMGMT579,1
s9eLudG2qkZXAJbfk,uw.edu,seattle,AUTUMN,COM,COM,COM440,COM440,1
sB45jCgXEf5btqLsE,uw.edu,seattle,SUMMER,PCE,PCE,PCE157247,PCE157247,2
sCHWJ6KEtFm48noed,uw.edu,seattle,AUTUMN,PHYS,PHYS,PHYS589,PHYS589,1
sCLrWcpjNbaFmuxYr,uw.edu,seattle,AUTUMN,MATH,MATH,MATH441,MATH441,1
sGqe2kW5vwLX85HWJ,uw.edu,seattle,SUMMER,ECON,ECON,ECON201,ECON201,2
sJwA6XwqjbuWLWxf4,uw.edu,seattle,AUTUMN,EDSPE,EDSPE,EDSPE540,EDSPE540,1
sMtwuBmjoMzSZmYF9,uw.edu,seattle,AUTUMN,CHEM,CHEM,CHEM534,CHEM534,1
sNrgK9bLj6y9u2sxB,uw.edu,seattle,AUTUMN,CHEM,CHEM,CHEM110,CHEM110,2
sQz9MtQzCWTxdzZd3,uw.edu,seattle,SUMMER,JSIS,JSIS,JSIS480,JSIS480,1
sRmGkBTu6gJ42983P,uw.edu,seattle,AUTUMN,MATH,MATH,MATH464,MATH464,1
sSZN9jJPZ9E7h3bx8,uw.edu,seattle,AUTUMN,HSMGMT,HSMGMT,HSMGMT513,HSMGMT513,1
sWjd7N2naAxMbLaPK,uw.edu,seattle,AUTUMN,ECON,ECON,ECON435,ECON435,1
sXgiTKLWxeBTawF3Y,uw.edu,seattle,SUMMER,AA,AA,AA210,AA210,1
sc8nqF9fA6aNCSz6k,uw.edu,seattle,AUTUMN,MATH,MATH,MATH524,MATH524,1
sgY88t46u7eiuxfLA,uw.edu,seattle,AUTUMN,ENTRE,ENTRE,ENTRE443,ENTRE443,1
sigR9JRwrzWPRZXwK,uw.edu,seattle,AUTUMN,PHYS,PHYS,PHYS494,PHYS494,2
sjq2XepExKyi7CzBN,uw.edu,seattle,AUTUMN,ACCTG,ACCTG,ACCTG303,ACCTG303,1
smvnqwPqxh2E3sRvr,uw.edu,seattle,AUTUMN,ENGL,ENGL,ENGL575,ENGL575,1
soitseitCczkshHXi,uw.edu,seattle,SUMMER,AFRAM,AFRAM,AFRAM246,AFRAM246,1
srXZ73938qcymqfBX,uw.edu,seattle,AUTUMN,SOC,SOC,SOC287,SOC287,1
stANjNQj96kpE4Fci,uw.edu,seattle,AUTUMN,ARCH,ARCH,ARCH350,ARCH350,2
stgXFG8BhvoMTgonS,uw.edu,seattle,SUMMER,MATH,MATH,MATH420,MATH420,1
syvGex6fijeiq5fkt,uw.edu,seattle,AUTUMN,GREEK,GREEK,GREEK461,GREEK461,1
t4g4pq8pWCrbNJorc,uw.edu,seattle,SUMMER,LING,LING,LING451,LING451,1
t5A7Tsn5whfan4XwX,uw.edu,seattle,AUTUMN,C LIT,C LIT,C LIT250,C LIT250,1
t77shgbWFJiaJ6ZHh,uw.edu,seattle,SUMMER,PCE,PCE,PCE161946,PCE161946,1
tAxTTbwrtNjatE298,uw.edu,seattle,SUMMER,AAS,AAS,AAS206,AAS206,1
tBchJZHyB4NbPQ27M,uw.edu,seattle,AUTUMN,CHEME,CHEME,CHEME325,CHEME325,1
tDy8dhSqJdcKpc9n4,uw.edu,seattle,AUTUMN,NURS,NURS,NURS415,NURS415,1
tE8xd66ZPgnTkbiPY,uw.edu,seattle,AUTUMN,SOC,SOC,SOC221,SOC221,1
tESNQb6eyDuB8ZK9j,uw.edu,seattle,SUMMER,ANTH,ANTH,ANTH413,ANTH413,1
tF9R7fXokxs2aWtGR,uw.edu,seattle,AUTUMN,JAPAN,JAPAN,JAPAN111,JAPAN111,3
tK43RSe7m4itBid4P,uw.edu,seattle,AUTUMN,PHIL,PHIL,PHIL550,PHIL550,1
tLCPyNnajzZ2im6Wn,uw.edu,seattle,AUTUMN,CHEM,CHEM,CHEM335,CHEM335,1
tN7MgDZmetXHKWp4s,uw.edu,seattle,AUTUMN,GWSS,GWSS,GWSS444,GWSS444,1
tbXQ4zvJuM4B6qJp4,uw.edu,seattle,SUMMER,MATH,MATH,MATH111,MATH111,1
teYXWdttD6R6kuCau,uw.edu,seattle,SUMMER,PCE,PCE,PCE164346,PCE164346,1
tfmJyy5ZgunK9DGYJ,uw.edu,seattle,SUMMER,SPHSC,SPHSC,SPHSC540,SPHSC540,2
tjLW73mgiJ87EZvXD,uw.edu,seattle,AUTUMN,FRENCH,FRENCH,FRENCH202,FRENCH202,1
tjTddp2sXo4PNqSew,uw.edu,seattle,SUMMER,REHAB,REHAB,REHAB540,REHAB540,1
tjbsJy8T5MhTHbgP5,uw.edu,seattle,SUMMER,JSISA,JSISA,JSISA407,JSISA407,1
tm74oPFgAC8Xuawby,uw.edu,seattle,AUTUMN,JSIS,JSIS,JSIS200,JSIS200,1
trqmgSpKv2aopkGuk,uw.edu,seattle,SUMMER,ACCTG,ACCTG,ACCTG301,ACCTG301,1
tuAzjRZwN4JSKgdbc,uw.edu,seattle,SUMMER,COM,COM,COM383,COM383,1
twKqFhNyTSQHLdPmQ,uw.edu,seattle,SUMMER,PHIL,PHIL,PHIL410,PHIL410,1
twyRc3PdPC567pqxd,uw.edu,seattle,AUTUMN,FRENCH,FRENCH,FRENCH101,FRENCH101,9
tyS2qThaoA9SmY8RP,uw.edu,seattle,AUTUMN,CSE,CSE,CSE446,CSE446,1
tyzvwdfHEovJFxr8c,uw.edu,seattle,SUMMER,POLS,POLS,POLS313,POLS313,1
u2tv5mdzpfNYfRuMc,uw.edu,seattle,AUTUMN,GEOG,GEOG,GEOG315,GEOG315,1
u4Rg2wqLySHM4eeEX,uw.edu,seattle,AUTUMN,ACCTG,ACCTG,ACCTG523,ACCTG523,1
u59SJTseL4BY3qiZr,uw.edu,seattle,AUTUMN,PHIL,PHIL,PHIL495,PHIL495,1
u6N7qxgk87SQb2eSm,uw.edu,seattle,AUTUMN,OPMGT,OPMGT,OPMGT590,OPMGT590,1
u7k8Bhzf5CnLn6G93,uw.edu,seattle,AUTUMN,EDSPE,EDSPE,EDSPE518,EDSPE518,1
uBEYv5rhg6pm2ugGy,uw.edu,seattle,SUMMER,PCE,PCE,PCE158538,PCE158538,1
uGrRTQbrW5699Rg4t,uw.edu,seattle,AUTUMN,HCDE,HCDE,HCDE417,HCDE417,1
uMH6Ah2oLPfgum2GJ,uw.edu,seattle,AUTUMN,NUTR,NUTR,NUTR141,NUTR141,2
uRofSAGkoutzFDJP2,uw.edu,seattle,AUTUMN,ARCH,ARCH,ARCH478,ARCH478,1
uSYbABjjMoJEJNrzs,uw.edu,seattle,SUMMER,PHIL,PHIL,PHIL206,PHIL206,1
ua369Ygxh2Ey6gsk6,uw.edu,seattle,AUTUMN,CHEM,CHEM,CHEM429,CHEM429,1
ubFmGeowG6j9yENBA,uw.edu,seattle,AUTUMN,JSIS,JSIS,JSIS498,JSIS498,2
uemkbxc4rkFayBuiZ,uw.edu,seattle,AUTUMN,MATH,MATH,MATH461,MATH461,2
ufLGJTJLJxPGPESnq,uw.edu,seattle,SUMMER,MATH,MATH,MATH308,MATH308,6
ugHmX4ziCjqm8GW6s,uw.edu,seattle,AUTUMN,ECON,ECON,ECON516,ECON516,1
ui6hZXjyv7pJNMuNd,uw.edu,seattle,AUTUMN,ESRM,ESRM,ESRM441,ESRM441,1
ukrZFt8nSC2ZgogHm,uw.edu,seattle,SUMMER,ENGL,ENGL,ENGL225,ENGL225,1
unYiroBTB9oGFkxrX,uw.edu,seattle,AUTUMN,ENGL,ENGL,ENGL370,ENGL370,1
unftKN23baT93umJz,uw.edu,seattle,SUMMER,ENGL,ENGL,ENGL310,ENGL310,1
uoyuDqkFWazCq8ySA,uw.edu,seattle,AUTUMN,AMATH,AMATH,AMATH351,AMATH351,1
upWxT6cbf7k2XjyZo,uw.edu,seattle,AUTUMN,JSISA,JSISA,JSISA442,JSISA442,1
uqCjSLvHAAFpyPGX2,uw.edu,seattle,AUTUMN,SOC,SOC,SOC476,SOC476,1
uqwCkhQRKduwsLEs7,uw.edu,seattle,SUMMER,CHEM,CHEM,CHEM452,CHEM452,1
urJH6EEybezX3S2zz,uw.edu,seattle,AUTUMN,HSTAS,HSTAS,HSTAS202,HSTAS202,1
uuq489H5XYv92Xqmd,uw.edu,seattle,AUTUMN,MATH,MATH,MATH402,MATH402,2
v57TmPCCqP66PXRnw,uw.edu,seattle,AUTUMN,BIOL,BIOL,BIOL401,BIOL401,1
v7dbyA4htXHxRYkgQ,uw.edu,seattle,AUTUMN,MGMT,MGMT,MGMT583,MGMT583,1
vCEXuunzidPL7rQKC,uw.edu,seattle,SUMMER,HSTAS,HSTAS,HSTAS221,HSTAS221,1
vJGNu7aa4feHTkc45,uw.edu,seattle,AUTUMN,LAWA,LAWA,LAWA515,LAWA515,5
vKsna8CvrQRwHT9t2,uw.edu,seattle,AUTUMN,ASTR,ASTR,ASTR423,ASTR423,1
vLJdWCn6jSnu3aspx,uw.edu,seattle,AUTUMN,HSMGMT,HSMGMT,HSMGMT570,HSMGMT570,2
vNA8oG4fCYou8z8jq,uw.edu,seattle,AUTUMN,STAT,STAT,STAT221,STAT221,1
vNW7xd6TL2mPHNh7t,uw.edu,seattle,SUMMER,LAWB,LAWB,LAWB539,LAWB539,2
vNnHpYq3JajwELqkL,uw.edu,seattle,AUTUMN,SOC,SOC,SOC351,SOC351,1
vNyMbPdgXKMZD4MzX,uw.edu,seattle,AUTUMN,HONORS,HONORS,HONORS230,HONORS230,2
vPJKC269xF3KJAghE,uw.edu,seattle,AUTUMN,PHIL,PHIL,PHIL505,PHIL505,1
vSvgRHesqfpDAfYcg,uw.edu,seattle,SUMMER,ENGL,ENGL,ENGL200,ENGL200,1
vXKKxnibL9WAZHuMw,uw.edu,seattle,SUMMER,REHAB,REHAB,REHAB578,REHAB578,1
vXtS4Ad2wEjJQJjc9,uw.edu,seattle,SUMMER,PCE,PCE,PCE161089,PCE161089,1
vZcjeu2BfG8rDoZGQ,uw.edu,seattle,AUTUMN,ACCTG,ACCTG,ACCTG530,ACCTG530,1
vZxWKfBe2h9vxRAL4,uw.edu,seattle,AUTUMN,ASIAN,ASIAN,ASIAN203,ASIAN203,1
vcJ4ypf8gWiJixmme,uw.edu,seattle,SUMMER,ENTRE,ENTRE,ENTRE457,ENTRE457,1
vf3oi79T34ywkRoJz,uw.edu,seattle,SUMMER,LAWB,LAWB,LAWB552,LAWB552,2
vfFZwrsGjGJHArJL9,uw.edu,seattle,AUTUMN,OPMGT,OPMGT,OPMGT443,OPMGT443,1
viomgjpoKaezqnouK,uw.edu,seattle,AUTUMN,AIS,AIS,AIS444,AIS444,1
vnpSXCSHCseMmrqZR,uw.edu,seattle,SUMMER,COM,COM,COM440,COM440,1
vnwAKdwCLGhsNfjgD,uw.edu,seattle,SUMMER,PHYS,PHYS,PHYS115,PHYS115,1
vqHBff5DacAnknkXv,uw.edu,seattle,SUMMER,ARTH,ARTH,ARTH272,ARTH272,1
vrcJttNkzG6jx8qWM,uw.edu,seattle,AUTUMN,SOC,SOC,SOC270,SOC270,1
vsnbnf4z7hRiBP9XL,uw.edu,seattle,SUMMER,CMS,CMS,CMS397,CMS397,1
vtxsJXbBJosB7WhiA,uw.edu,seattle,AUTUMN,MATH,MATH,MATH411,MATH411,1
vwHk5cyA96WYwg7Cd,uw.edu,seattle,SUMMER,MATH,MATH,MATH441,MATH441,1
vx2ocJm5R6aJfK9zj,uw.edu,seattle,AUTUMN,PHIL,PHIL,PHIL401,PHIL401,1
w2aHmwPk57zgLNa3c,uw.edu,seattle,AUTUMN,VIET,VIET,VIET211,VIET211,1
w36HPmFFEz3yXGhuJ,uw.edu,seattle,SUMMER,SOC,SOC,SOC110,SOC110,1
w5riE3qhQxR8E9mt9,uw.edu,seattle,AUTUMN,MGMT,MGMT,MGMT430,MGMT430,2
w6ZWRkRf93PWRrbXx,uw.edu,seattle,SUMMER,SOCW,SOCW,SOCW571,SOCW571,2
wDACMSoG9r5XTq6Hh,uw.edu,seattle,AUTUMN,CHIN,CHIN,CHIN551,CHIN551,1
wLRadxjHroSz55pCN,uw.edu,seattle,AUTUMN,EDC&I,EDC&I,EDC&I351,EDC&I351,1
wMEcY4hib2YLv6azR,uw.edu,seattle,AUTUMN,MKTG,MKTG,MKTG456,MKTG456,2
wNBqgxF8wpSB2QQnB,uw.edu,seattle,AUTUMN,SPAN,SPAN,SPAN594,SPAN594,1
wSxMXkW2zFYSA8HE8,uw.edu,seattle,AUTUMN,LING,LING,LING550,LING550,3
wTkXY8YyaLqpZ5rNa,uw.edu,seattle,AUTUMN,CHIN,CHIN,CHIN201,CHIN201,2
wWNMg6BpCisK43mvT,uw.edu,seattle,SUMMER,CHEM,CHEM,CHEM312,CHEM312,1
wYFkZARkhDBN9moov,uw.edu,seattle,SUMMER,REHAB,REHAB,REHAB572,REHAB572,1
waFDMR6nP2nWBFHeu,uw.edu,seattle,AUTUMN,RELIG,RELIG,RELIG145,RELIG145,1
wcNSsan4LiicMnXhs,uw.edu,seattle,AUTUMN,HSTEU,HSTEU,HSTEU402,HSTEU402,1
wcssFnSooXYzSNw7n,uw.edu,seattle,AUTUMN,SWA,SWA,SWA101,SWA101,2
wenj5N368NMW9rEho,uw.edu,seattle,SUMMER,REHAB,REHAB,REHAB514,REHAB514,1
wfJ9Y3ouKvZsRRZ2y,uw.edu,seattle,AUTUMN,MATH,MATH,MATH521,MATH521,1
whCyoWJcx675xoA58,uw.edu,seattle,SUMMER,POLS,POLS,POLS273,POLS273,1
whmjEiKkhar7fxFFx,uw.edu,seattle,SUMMER,CMS,CMS,CMS320,CMS320,1
wwBdGqueL3Hf2GiSG,uw.edu,seattle,AUTUMN,FISH,FISH,FISH406,FISH406,1
x2R5vauRcKCwFxsT9,uw.edu,seattle,AUTUMN,NEARE,NEARE,NEARE308,NEARE308,1
x3jN3r5ocdonM8Kgx,uw.edu,seattle,AUTUMN,ME,ME,ME503,ME503,3
x4f53ZnQaBpZWQEbm,uw.edu,seattle,AUTUMN,ESS,ESS,ESS505,ESS505,1
x7zshNehTHudGTFcs,uw.edu,seattle,SUMMER,HSTEU,HSTEU,HSTEU113,HSTEU113,1
x9c7LdFK4C9m3nkiG,uw.edu,seattle,SUMMER,AA,AA,AA260,AA260,1
xFYeacby2g8RqeBRL,uw.edu,seattle,SUMMER,LING,LING,LING450,LING450,1
xFwqs4ZKsaufqApyW,uw.edu,seattle,AUTUMN,CHEME,CHEME,CHEME584,CHEME584,1
xGfLMSuRs3W4fDMm5,uw.edu,seattle,SUMMER,ENTRE,ENTRE,ENTRE565,ENTRE565,1
xJmYssoQHqCkHc4Le,uw.edu,seattle,SUMMER,ESL,ESL,ESL88,ESL88,5
xNhqHjeZSMZsLHxn2,uw.edu,seattle,AUTUMN,PHYS,PHYS,PHYS585,PHYS585,1
xW3T7frXArH5N53KD,uw.edu,seattle,AUTUMN,SOC,SOC,SOC201,SOC201,1
xYAFErCRcx8WJThwn,uw.edu,seattle,AUTUMN,ENGR,ENGR,ENGR231,ENGR231,8
xaG7WuqtkFjY46MRQ,uw.edu,seattle,AUTUMN,ACCTG,ACCTG,ACCTG215,ACCTG215,3
xaPzeoaCKmax4YpbD,uw.edu,seattle,AUTUMN,CSE,CSE,CSE577,CSE577,1
xbnaYW6vHJ9ayNcih,uw.edu,seattle,AUTUMN,STAT,STAT,STAT521,STAT521,1
xdYSPRnBEbmWLuLAu,uw.edu,seattle,AUTUMN,HSTAS,HSTAS,HSTAS590,HSTAS590,1
xgz956M3tbvw4Ye55,uw.edu,seattle,SUMMER,LAWB,LAWB,LAWB538,LAWB538,3
xsvyevE9Lbcye7DBh,uw.edu,seattle,AUTUMN,ECON,ECON,ECON471,ECON471,1
xtHb6fHun2dtrmdzt,uw.edu,seattle,AUTUMN,ARCH,ARCH,ARCH541,ARCH541,1
xvoMjAnueKadSMYTE,uw.edu,seattle,AUTUMN,NUTR,NUTR,NUTR529,NUTR529,1
xxSMxMfrqbJTqHudW,uw.edu,seattle,AUTUMN,STAT,STAT,STAT536,STAT536,2
xzoWqopGStuZN6jeY,uw.edu,seattle,AUTUMN,LIS,LIS,LIS570,LIS570,4
y5qXTS9jS4xszCqsZ,uw.edu,seattle,AUTUMN,ANTH,ANTH,ANTH349,ANTH349,1
y7gjr3SZMrYqnkEuZ,uw.edu,seattle,AUTUMN,ANTH,ANTH,ANTH369,ANTH369,1
y96tbahAWDoWcNSZ6,uw.edu,seattle,AUTUMN,ENGL,ENGL,ENGL550,ENGL550,1
yAa4kZ5RSpfTtcmZQ,uw.edu,seattle,AUTUMN,LING,LING,LING478,LING478,1
yAxiQjqxM2Zb9fuFR,uw.edu,seattle,SUMMER,FRENCH,FRENCH,FRENCH102,FRENCH102,1
yB2mXBTfxXHnKycno,uw.edu,seattle,AUTUMN,CHEM,CHEM,CHEM145,CHEM145,1
yDB2LALT9vhrNEZPG,uw.edu,seattle,AUTUMN,BIOC,BIOC,BIOC405,BIOC405,1
yDrm9fbzhFv9A6RoC,uw.edu,seattle,AUTUMN,BIOST,BIOST,BIOST511,BIOST511,1
yFeYbszNWcECfzzqJ,uw.edu,seattle,AUTUMN,INDE,INDE,INDE599,INDE599,1
yFrKHSv3v7AWvgN6d,uw.edu,seattle,SUMMER,FRENCH,FRENCH,FRENCH202,FRENCH202,1
yLNzxEvgxysy4humo,uw.edu,seattle,AUTUMN,MUSIC,MUSIC,MUSIC119,MUSIC119,1
yLvjthP2Sr5SDXmt2,uw.edu,seattle,AUTUMN,CHEME,CHEME,CHEME530,CHEME530,1
yPG9NQ6ABnbBHAXmw,uw.edu,seattle,AUTUMN,POLS,POLS,POLS403,POLS403,1
yX3HR5uXSp7NuTPmW,uw.edu,seattle,SUMMER,BIOL,BIOL,BIOL118,BIOL118,2
yfhTgR2szk7nq7jyX,uw.edu,seattle,SUMMER,SCM,SCM,SCM500,SCM500,1
yhgJGQQX5CepocZfD,uw.edu,seattle,SUMMER,GWSS,GWSS,GWSS206,GWSS206,1
yqAgwNsXBr63EdvGD,uw.edu,seattle,AUTUMN,LAWB,LAWB,LAWB503,LAWB503,2
ytWLSkKcpXkttjzWi,uw.edu,seattle,SUMMER,JSISB,JSISB,JSISB436,JSISB436,1
ytXPhYtziymGe7rpY,uw.edu,seattle,AUTUMN,REHAB,REHAB,REHAB523,REHAB523,1
yw8u3yvKFEdDQq6q4,uw.edu,seattle,AUTUMN,NUTR,NUTR,NUTR500,NUTR500,1
yxa7bgjFWTXp3yZFv,uw.edu,seattle,AUTUMN,SPAN,SPAN,SPAN395,SPAN395,1
yyvM9FRPGMFpSeeB5,uw.edu,seattle,AUTUMN,ESS,ESS,ESS313,ESS313,1
yzSizDL7FWCyfzKHG,uw.edu,seattle,AUTUMN,HSTEU,HSTEU,HSTEU452,HSTEU452,1
z6hEYv6FpR25qF8YZ,uw.edu,seattle,AUTUMN,MSE,MSE,MSE484,MSE484,1
zAg8dcMzGBrpmcNJZ,uw.edu,seattle,SUMMER,LSJ,LSJ,LSJ380,LSJ380,1
zBHLLYBKFEnWgouWN,uw.edu,seattle,SUMMER,FIN,FIN,FIN350,FIN350,1
zByrLcmBQHNKWmvfm,uw.edu,seattle,AUTUMN,CSE,CSE,CSE451,CSE451,1
zFX8AqhgtMCTmE8qM,uw.edu,seattle,SUMMER,HSTCMP,HSTCMP,HSTCMP290,HSTCMP290,2
zGJSFHqz3NtHgxukJ,uw.edu,seattle,AUTUMN,RUSS,RUSS,RUSS340,RUSS340,1
zKn4JgawAZyxtTDCy,uw.edu,seattle,SUMMER,JAPAN,JAPAN,JAPAN134,JAPAN134,1
zPAMH4gdMafWywKhP,uw.edu,seattle,AUTUMN,REHAB,REHAB,REHAB582,REHAB582,1
zRFWr6rpZXA7sQYSf,uw.edu,seattle,AUTUMN,HSTAM,HSTAM,HSTAM215,HSTAM215,1
zRh4vZkEW9tbtv76R,uw.edu,seattle,SUMMER,FIN,FIN,FIN423,FIN423,1
zWXjBTnfpFKCCyBbk,uw.edu,seattle,AUTUMN,LING,LING,LING450,LING450,1
zX9ZoijSr9EetayBa,uw.edu,seattle,AUTUMN,HSTAA,HSTAA,HSTAA590,HSTAA590,1
zYDuNX9C2qAKHvJku,uw.edu,seattle,SUMMER,CSE,CSE,CSE344,CSE344,1
zf9TC4w7dSxCX7ayP,uw.edu,seattle,SUMMER,HCDE,HCDE,HCDE498,HCDE498,1
zgTp7H4kaYZpsNyq2,uw.edu,seattle,AUTUMN,AA,AA,AA503,AA503,2
zhK9t6PNYQr6Mhhw3,uw.edu,seattle,AUTUMN,HINDI,HINDI,HINDI201,HINDI201,1
ziPBWK9WpHBpJwu9f,uw.edu,seattle,AUTUMN,SNKRT,SNKRT,SNKRT201,SNKRT201,1
zrShuc6sEQsaMahYW,uw.edu,seattle,SUMMER,CHEM,CHEM,CHEM242,CHEM242,1
zseYoY5M2mQKaERkC,uw.edu,seattle,SUMMER,ME,ME,ME499,ME499,5
ztWdAE54af3L7Bcf7,uw.edu,seattle,AUTUMN,AIS,AIS,AIS212,AIS212,1
zuJqkEu65vThzs9Az,uw.edu,seattle,SUMMER,MATH,MATH,MATH381,MATH381,1
zyjmTYnGHArymxY27,uw.edu,seattle,SUMMER,PHYS,PHYS,PHYS116,PHYS116,1
zyttLS7PWAX4XRDRs,uw.edu,seattle,SUMMER,ACCTG,ACCTG,ACCTG215,ACCTG215,1
zzW4pden2vuHnaFtc,uw.edu,seattle,AUTUMN,EDPSY,EDPSY,EDPSY588,EDPSY588,1
